Workbook
Name Slicer_Bo_lim: #N/A
Name Slicer_Ish_formati: #N/A

Sheet Dashboard
C1: NAVBAHOR GROUP - Xodimlar almashinuvi
J3: Holat: 30.09.2026 | 800 xodim, 7 bo’lim
C5: Jami xodim | F5: Ketganlar soni | I5: Ketish foizi | L5: O'rtacha oylik (so'm)
C6: =GETPIVOTDATA("Xodim_ID",Pivots!$I$23) -> 800 | F6: =GETPIVOTDATA("Xodim_ID",Pivots!$A$38) -> 143 | I6: =GETPIVOTDATA("Average of Ishdan_ketganlar",Pivots!$A$16) -> 0.17875 | L6: =GETPIVOTDATA("Oylik (so'm)",Pivots!$A$51) -> 7168621.6

Sheet Pivots
A3: Ishdan ketish foizi
A4: Row Labels | B4: Ishdan ketish foizi
A5: MIJOZLAR XIZMATI | B5: 0.23232323 | J5: mamnunlik bahosi
A6: SOTUV | B6: 0.18918919 | I6: Row Labels | J6: Average of Ishdan_ketganlar
A7: MOLIYA | B7: 0.17391304 | I7: 1 | J7: 0.35483871
A8: IT | B8: 0.16393443 | I8: 2 | J8: 0.28767123
A9: LOGISTIKA | B9: 0.16363636 | I9: 3 | J9: 0.1625
A10: MARKETING | B10: 0.10843373 | I10: 4 | J10: 0.095238095
A11: HR | B11: 0.090909091 | I11: 5 | J11: 0.16
A12: Grand Total | B12: 0.17875 | I12: Grand Total | J12: 0.17875
A15: Bo'lim bo'yicha ketishlar
A16: Row Labels | B16: Average of Ishdan_ketganlar
A17: MIJOZLAR XIZMATI | B17: 0.23232323
A18: SOTUV | B18: 0.18918919
A19: MOLIYA | B19: 0.17391304
A20: IT | B20: 0.16393443
A21: LOGISTIKA | B21: 0.16363636
A22: MARKETING | B22: 0.10843373
A23: HR | B23: 0.090909091 | I23: Row Labels | J23: Count of Xodim_ID
A24: Grand Total | B24: 0.17875 | I24: HR | J24: 33
I25: IT | J25: 122
I26: LOGISTIKA | J26: 110
I27: MARKETING | J27: 83
A28: staj guruhi bo'yicha | I28: MIJOZLAR XIZMATI | J28: 198
A29: Row Labels | B29: Ishdan_ketganlar1 | I29: MOLIYA | J29: 69
A30: 1 yildan kam | B30: 0.24875622 | I30: SOTUV | J30: 185
A31: 1-3 yil | B31: 0.18316832 | I31: Grand Total | J31: 800
A32: 3 yildan ko'p | B32: 0.14105793
A33: Grand Total | B33: 0.17875
A36: Ishdan_ketgan | B36: (All)
A37: ishdan ketish sababi
A38: Row Labels | B38: Count of Xodim_ID
A39: Shaxsiy sabab | B39: 10
A40: Boshqa kompaniyaga o'tdi | B40: 11
A41: Boshqa shaharga ko'chdi | B41: 14
A42: Ish yuklamasi ko'p | B42: 22
A43: Maosh past | B43: 27
A44: Rahbar bilan muammo | B44: 29
A45: Karyera o'sishi yo'q | B45: 30
A46: Grand Total | B46: 143
A50: oyliklar bo'yicha taqqoslash
A51: Row Labels | B51: Average of Oylik (so'm)
A52: Ketgan | B52: 6158662
A53: Ishlayotgan | B53: 7387240.9
A54: Grand Total | B54: 7168621.6

Sheet HR_Clean
A1: Xodim_ID | B1: Ism_familiya | C1: Jins | D1: Tug'ilgan_sana | E1: Ishga_kirgan_sana | F1: Bo'lim | G1: Lavozim | H1: Daraja | I1: Shahar | J1: Oylik (so'm) | K1: Samaradorlik_bahosi (1-5) | L1: Mamnunlik_bahosi (1-5) | M1: Qo'shimcha_ish_soati (oyiga) | N1: Ish_formati | O1: Ta'lim | P1: Ishdan_ketgan | Q1: Ketgan_sana | R1: Ketish_sababi | S1: Yosh | T1: Staj_yil | U1: Bo'lim_rahbari | V1: Ishdan_ketganlar | W1: staj_guruhi
A2: EMP-0539 | B2: Gulnora Mirzayeva | C2: Ayol | D2: 37053 | E2: 44782 | F2: IT | G2: Tizim administratori | H2: Senior | I2: Samarqand | J2: 21690000 | K2: 4 | L2: 4 | M2: 0 | N2: Ofis | O2: O'rta maxsus | P2: Yo'q | S2: =DATEDIF(D2,DATE(2026,9,30),"Y") -> 25 | T2: =(IF(Q2="",DATE(2026,9,30),Q2)-E2)/365.25 -> 4.1423682 | U2: =_xlfn.XLOOKUP(Table1_1[[#This Row],[Bo''lim]],Bolimlar!A:A,Bolimlar!B:B,"Topilmadi") -> Jasur Yusupov | V2: =IF(P2="Ha",1,0) -> 0 | W2: =IF(T2<1,"1 yildan kam",IF(T2<3,"1-3 yil","3 yildan ko'p")) -> 3 yildan ko'p
A3: EMP-0791 | B3: Zilola Umarova | C3: Ayol | D3: 32574 | E3: 43335 | F3: IT | G3: Dasturchi | H3: Senior | I3: Farg'ona | J3: 21490000 | K3: 2 | L3: 2 | M3: 5 | N3: Ofis | O3: Bakalavr | P3: Yo'q | S3: =DATEDIF(D3,DATE(2026,9,30),"Y") -> 37 | T3: =(IF(Q3="",DATE(2026,9,30),Q3)-E3)/365.25 -> 8.1040383 | U3: =_xlfn.XLOOKUP(Table1_1[[#This Row],[Bo''lim]],Bolimlar!A:A,Bolimlar!B:B,"Topilmadi") -> Jasur Yusupov | V3: =IF(P3="Ha",1,0) -> 0 | W3: =IF(T3<1,"1 yildan kam",IF(T3<3,"1-3 yil","3 yildan ko'p")) -> 3 yildan ko'p
A4: EMP-0269 | B4: Gulnora Karimova | C4: Ayol | D4: 31509 | E4: 45321 | F4: IT | G4: Tizim administratori | H4: Senior | I4: Toshkent | J4: 21250000 | K4: 4 | L4: 4 | M4: 1 | N4: Ofis | O4: O'rta maxsus | P4: Yo'q | S4: =DATEDIF(D4,DATE(2026,9,30),"Y") -> 40 | T4: =(IF(Q4="",DATE(2026,9,30),Q4)-E4)/365.25 -> 2.6666667 | U4: =_xlfn.XLOOKUP(Table1_1[[#This Row],[Bo''lim]],Bolimlar!A:A,Bolimlar!B:B,"Topilmadi") -> Jasur Yusupov | V4: =IF(P4="Ha",1,0) -> 0 | W4: =IF(T4<1,"1 yildan kam",IF(T4<3,"1-3 yil","3 yildan ko'p")) -> 1-3 yil
A5: EMP-0533 | B5: Jahongir Sobirov | C5: Erkak | D5: 33829 | E5: 43835 | F5: IT | G5: QA muhandisi | H5: Senior | I5: Buxoro | J5: 20780000 | K5: 3 | L5: 5 | M5: 0 | N5: Ofis | O5: O'rta maxsus | P5: Yo'q | S5: =DATEDIF(D5,DATE(2026,9,30),"Y") -> 34 | T5: =(IF(Q5="",DATE(2026,9,30),Q5)-E5)/365.25 -> 6.7351129 | U5: =_xlfn.XLOOKUP(Table1_1[[#This Row],[Bo''lim]],Bolimlar!A:A,Bolimlar!B:B,"Topilmadi") -> Jasur Yusupov | V5: =IF(P5="Ha",1,0) -> 0 | W5: =IF(T5<1,"1 yildan kam",IF(T5<3,"1-3 yil","3 yildan ko'p")) -> 3 yildan ko'p
A6: EMP-0486 | B6: Timur Saidov | C6: Erkak | D6: 32285 | E6: 45979 | F6: IT | G6: Tizim administratori | H6: Senior | I6: Qarshi | J6: 20380000 | K6: 2 | L6: 4 | M6: 10 | N6: Masofaviy | O6: Magistr | P6: Yo'q | S6: =DATEDIF(D6,DATE(2026,9,30),"Y") -> 38 | T6: =(IF(Q6="",DATE(2026,9,30),Q6)-E6)/365.25 -> 0.86516085 | U6: =_xlfn.XLOOKUP(Table1_1[[#This Row],[Bo''lim]],Bolimlar!A:A,Bolimlar!B:B,"Topilmadi") -> Jasur Yusupov | V6: =IF(P6="Ha",1,0) -> 0 | W6: =IF(T6<1,"1 yildan kam",IF(T6<3,"1-3 yil","3 yildan ko'p")) -> 1 yildan kam
A7: EMP-0226 | B7: Islom Mirzayev | C7: Erkak | D7: 36982 | E7: 45790 | F7: IT | G7: QA muhandisi | H7: Senior | I7: Toshkent | J7: 20230000 | K7: 1 | L7: 2 | M7: 22 | N7: Masofaviy | O7: O'rta maxsus | P7: Yo'q | S7: =DATEDIF(D7,DATE(2026,9,30),"Y") -> 25 | T7: =(IF(Q7="",DATE(2026,9,30),Q7)-E7)/365.25 -> 1.3826146 | U7: =_xlfn.XLOOKUP(Table1_1[[#This Row],[Bo''lim]],Bolimlar!A:A,Bolimlar!B:B,"Topilmadi") -> Jasur Yusupov | V7: =IF(P7="Ha",1,0) -> 0 | W7: =IF(T7<1,"1 yildan kam",IF(T7<3,"1-3 yil","3 yildan ko'p")) -> 1-3 yil
A8: EMP-0538 | B8: Bobur Yusupov | C8: Erkak | D8: 37680 | E8: 46064 | F8: IT | G8: Dasturchi | H8: Senior | I8: Toshkent | J8: 19350000 | K8: 4 | L8: 3 | M8: 21 | N8: Gibrid | O8: Bakalavr | P8: Yo'q | S8: =DATEDIF(D8,DATE(2026,9,30),"Y") -> 23 | T8: =(IF(Q8="",DATE(2026,9,30),Q8)-E8)/365.25 -> 0.63244353 | U8: =_xlfn.XLOOKUP(Table1_1[[#This Row],[Bo''lim]],Bolimlar!A:A,Bolimlar!B:B,"Topilmadi") -> Jasur Yusupov | V8: =IF(P8="Ha",1,0) -> 0 | W8: =IF(T8<1,"1 yildan kam",IF(T8<3,"1-3 yil","3 yildan ko'p")) -> 1 yildan kam
A9: EMP-0110 | B9: Doniyor Karimov | C9: Erkak | D9: 32634 | E9: 43714 | F9: IT | G9: Dasturchi | H9: Senior | I9: Toshkent | J9: 18800000 | K9: 2 | L9: 2 | M9: 0 | N9: Gibrid | O9: O'rta maxsus | P9: Yo'q | S9: =DATEDIF(D9,DATE(2026,9,30),"Y") -> 37 | T9: =(IF(Q9="",DATE(2026,9,30),Q9)-E9)/365.25 -> 7.0663929 | U9: =_xlfn.XLOOKUP(Table1_1[[#This Row],[Bo''lim]],Bolimlar!A:A,Bolimlar!B:B,"Topilmadi") -> Jasur Yusupov | V9: =IF(P9="Ha",1,0) -> 0 | W9: =IF(T9<1,"1 yildan kam",IF(T9<3,"1-3 yil","3 yildan ko'p")) -> 3 yildan ko'p
A10: EMP-0450 | B10: Islom Saidov | C10: Erkak | D10: 36137 | E10: 44829 | F10: IT | G10: Tizim administratori | H10: Senior | I10: Andijon | J10: 18530000 | K10: 3 | L10: 3 | M10: 25 | N10: Ofis | O10: Bakalavr | P10: Yo'q | S10: =DATEDIF(D10,DATE(2026,9,30),"Y") -> 27 | T10: =(IF(Q10="",DATE(2026,9,30),Q10)-E10)/365.25 -> 4.0136893 | U10: =_xlfn.XLOOKUP(Table1_1[[#This Row],[Bo''lim]],Bolimlar!A:A,Bolimlar!B:B,"Topilmadi") -> Jasur Yusupov | V10: =IF(P10="Ha",1,0) -> 0 | W10: =IF(T10<1,"1 yildan kam",IF(T10<3,"1-3 yil","3 yildan ko'p")) -> 3 yildan ko'p
A11: EMP-0317 | B11: Ulugbek Yusupov | C11: Erkak | D11: 38876 | E11: 46209 | F11: IT | G11: Dasturchi | H11: Senior | I11: Toshkent | J11: 18460000 | K11: 3 | L11: 3 | M11: 24 | N11: Ofis | O11: Magistr | P11: Yo'q | S11: =DATEDIF(D11,DATE(2026,9,30),"Y") -> 20 | T11: =(IF(Q11="",DATE(2026,9,30),Q11)-E11)/365.25 -> 0.23545517 | U11: =_xlfn.XLOOKUP(Table1_1[[#This Row],[Bo''lim]],Bolimlar!A:A,Bolimlar!B:B,"Topilmadi") -> Jasur Yusupov | V11: =IF(P11="Ha",1,0) -> 0 | W11: =IF(T11<1,"1 yildan kam",IF(T11<3,"1-3 yil","3 yildan ko'p")) -> 1 yildan kam
A12: EMP-0354 | B12: Sevara Mirzayeva | C12: Ayol | D12: 31451 | E12: 43389 | F12: IT | G12: Tizim administratori | H12: Senior | I12: Samarqand | J12: 17770000 | K12: 4 | L12: 5 | M12: 26 | N12: Ofis | O12: Bakalavr | P12: Yo'q | S12: =DATEDIF(D12,DATE(2026,9,30),"Y") -> 40 | T12: =(IF(Q12="",DATE(2026,9,30),Q12)-E12)/365.25 -> 7.9561944 | U12: =_xlfn.XLOOKUP(Table1_1[[#This Row],[Bo''lim]],Bolimlar!A:A,Bolimlar!B:B,"Topilmadi") -> Jasur Yusupov | V12: =IF(P12="Ha",1,0) -> 0 | W12: =IF(T12<1,"1 yildan kam",IF(T12<3,"1-3 yil","3 yildan ko'p")) -> 3 yildan ko'p
A13: EMP-0234 | B13: Rustam Tursunov | C13: Erkak | D13: 34312 | E13: 43508 | F13: IT | G13: Dasturchi | H13: Senior | I13: Toshkent | J13: 17680000 | K13: 4 | L13: 4 | M13: 0 | N13: Gibrid | O13: Bakalavr | P13: Yo'q | S13: =DATEDIF(D13,DATE(2026,9,30),"Y") -> 32 | T13: =(IF(Q13="",DATE(2026,9,30),Q13)-E13)/365.25 -> 7.6303901 | U13: =_xlfn.XLOOKUP(Table1_1[[#This Row],[Bo''lim]],Bolimlar!A:A,Bolimlar!B:B,"Topilmadi") -> Jasur Yusupov | V13: =IF(P13="Ha",1,0) -> 0 | W13: =IF(T13<1,"1 yildan kam",IF(T13<3,"1-3 yil","3 yildan ko'p")) -> 3 yildan ko'p
... A19: EMP-0701 | B19: Gulnora Saidova | C19: Ayol | D19: 37119 | E19: 46250 | F19: MARKETING | G19: Marketolog | H19: Senior | I19: Toshkent | J19: 16440000 | K19: 4 | L19: 3 | M19: 18 | N19: Ofis | O19: Bakalavr | P19: Yo'q | S19: =DATEDIF(D19,DATE(2026,9,30),"Y") -> 25 | T19: =(IF(Q19="",DATE(2026,9,30),Q19)-E19)/365.25 -> 0.12320329 | U19: =_xlfn.XLOOKUP(Table1_1[[#This Row],[Bo''lim]],Bolimlar!A:A,Bolimlar!B:B,"Topilmadi") -> Dilnoza Rahimova | V19: =IF(P19="Ha",1,0) -> 0 | W19: =IF(T19<1,"1 yildan kam",IF(T19<3,"1-3 yil","3 yildan ko'p")) -> 1 yildan kam
A20: EMP-0033 | B20: Shaxzod Nazarov | C20: Erkak | D20: 35217 | E20: 43567 | F20: MARKETING | G20: SMM mutaxassisi | H20: Senior | I20: Toshkent | J20: 16340000 | K20: 4 | L20: 5 | M20: 15 | N20: Ofis | P20: Yo'q | S20: =DATEDIF(D20,DATE(2026,9,30),"Y") -> 30 | T20: =(IF(Q20="",DATE(2026,9,30),Q20)-E20)/365.25 -> 7.4688569 | U20: =_xlfn.XLOOKUP(Table1_1[[#This Row],[Bo''lim]],Bolimlar!A:A,Bolimlar!B:B,"Topilmadi") -> Dilnoza Rahimova | V20: =IF(P20="Ha",1,0) -> 0 | W20: =IF(T20<1,"1 yildan kam",IF(T20<3,"1-3 yil","3 yildan ko'p")) -> 3 yildan ko'p
A21: EMP-0487 | B21: Sevara Nazarova | C21: Ayol | D21: 33567 | E21: 45053 | F21: SOTUV | G21: Savdo vakili | H21: Senior | I21: Toshkent | J21: 15750000 | K21: 3 | L21: 2 | M21: 9 | N21: Gibrid | O21: Magistr | P21: Yo'q | S21: =DATEDIF(D21,DATE(2026,9,30),"Y") -> 34 | T21: =(IF(Q21="",DATE(2026,9,30),Q21)-E21)/365.25 -> 3.4004107 | U21: =_xlfn.XLOOKUP(Table1_1[[#This Row],[Bo''lim]],Bolimlar!A:A,Bolimlar!B:B,"Topilmadi") -> Aziz Karimov | V21: =IF(P21="Ha",1,0) -> 0 | W21: =IF(T21<1,"1 yildan kam",IF(T21<3,"1-3 yil","3 yildan ko'p")) -> 3 yildan ko'p
A22: EMP-0770 | B22: Dilfuza Mirzayeva | C22: Ayol | D22: 35414 | E22: 46191 | F22: SOTUV | G22: Sotuv menejeri | H22: Senior | I22: Samarqand | J22: 15700000 | K22: 4 | L22: 3 | M22: 4 | N22: Ofis | O22: Bakalavr | P22: Yo'q | S22: =DATEDIF(D22,DATE(2026,9,30),"Y") -> 29 | T22: =(IF(Q22="",DATE(2026,9,30),Q22)-E22)/365.25 -> 0.28473648 | U22: =_xlfn.XLOOKUP(Table1_1[[#This Row],[Bo''lim]],Bolimlar!A:A,Bolimlar!B:B,"Topilmadi") -> Aziz Karimov | V22: =IF(P22="Ha",1,0) -> 0 | W22: =IF(T22<1,"1 yildan kam",IF(T22<3,"1-3 yil","3 yildan ko'p")) -> 1 yildan kam
A23: EMP-0047 | B23: Sherzod Ergashev | C23: Erkak | D23: 34829 | E23: 45275 | F23: SOTUV | G23: Hudud menejeri | H23: Senior | I23: Andijon | J23: 15660000 | K23: 1 | L23: 2 | M23: 10 | N23: Gibrid | O23: Bakalavr | P23: Yo'q | S23: =DATEDIF(D23,DATE(2026,9,30),"Y") -> 31 | T23: =(IF(Q23="",DATE(2026,9,30),Q23)-E23)/365.25 -> 2.7926078 | U23: =_xlfn.XLOOKUP(Table1_1[[#This Row],[Bo''lim]],Bolimlar!A:A,Bolimlar!B:B,"Topilmadi") -> Aziz Karimov | V23: =IF(P23="Ha",1,0) -> 0 | W23: =IF(T23<1,"1 yildan kam",IF(T23<3,"1-3 yil","3 yildan ko'p")) -> 1-3 yil
A24: EMP-0219 | B24: Kamola Tursunova | C24: Ayol | D24: 31485 | E24: 45195 | F24: IT | G24: QA muhandisi | H24: Senior | I24: Toshkent | J24: 15600000 | L24: 2 | M24: 16 | N24: Ofis | O24: Magistr | P24: Yo'q | S24: =DATEDIF(D24,DATE(2026,9,30),"Y") -> 40 | T24: =(IF(Q24="",DATE(2026,9,30),Q24)-E24)/365.25 -> 3.0116359 | U24: =_xlfn.XLOOKUP(Table1_1[[#This Row],[Bo''lim]],Bolimlar!A:A,Bolimlar!B:B,"Topilmadi") -> Jasur Yusupov | V24: =IF(P24="Ha",1,0) -> 0 | W24: =IF(T24<1,"1 yildan kam",IF(T24<3,"1-3 yil","3 yildan ko'p")) -> 3 yildan ko'p
A25: EMP-0452 | B25: Malika Sobirova | C25: Ayol | D25: 31031 | E25: 45312 | F25: MOLIYA | G25: Moliyaviy tahlilchi | H25: Senior | I25: Toshkent | J25: 15460000 | K25: 3 | L25: 3 | M25: 24 | N25: Ofis | O25: Bakalavr | P25: Yo'q | S25: =DATEDIF(D25,DATE(2026,9,30),"Y") -> 41 | T25: =(IF(Q25="",DATE(2026,9,30),Q25)-E25)/365.25 -> 2.6913073 | U25: =_xlfn.XLOOKUP(Table1_1[[#This Row],[Bo''lim]],Bolimlar!A:A,Bolimlar!B:B,"Topilmadi") -> Madina Abdullayeva | V25: =IF(P25="Ha",1,0) -> 0 | W25: =IF(T25<1,"1 yildan kam",IF(T25<3,"1-3 yil","3 yildan ko'p")) -> 1-3 yil
A26: EMP-0215 | B26: Dilnoza Ergasheva | C26: Ayol | D26: 28681 | E26: 44405 | F26: SOTUV | G26: Hudud menejeri | H26: Senior | I26: Toshkent | J26: 15380000 | K26: 4 | L26: 4 | M26: 16 | N26: Gibrid | O26: O'rta maxsus | P26: Yo'q | S26: =DATEDIF(D26,DATE(2026,9,30),"Y") -> 48 | T26: =(IF(Q26="",DATE(2026,9,30),Q26)-E26)/365.25 -> 5.174538 | U26: =_xlfn.XLOOKUP(Table1_1[[#This Row],[Bo''lim]],Bolimlar!A:A,Bolimlar!B:B,"Topilmadi") -> Aziz Karimov | V26: =IF(P26="Ha",1,0) -> 0 | W26: =IF(T26<1,"1 yildan kam",IF(T26<3,"1-3 yil","3 yildan ko'p")) -> 3 yildan ko'p
A27: EMP-0190 | B27: Shaxzod Abdullayev | C27: Erkak | D27: 35299 | E27: 43693 | F27: IT | G27: Dasturchi | H27: Senior | I27: Andijon | J27: 15350000 | K27: 3 | L27: 4 | M27: 5 | N27: Masofaviy | O27: Bakalavr | P27: Yo'q | S27: =DATEDIF(D27,DATE(2026,9,30),"Y") -> 30 | T27: =(IF(Q27="",DATE(2026,9,30),Q27)-E27)/365.25 -> 7.1238877 | U27: =_xlfn.XLOOKUP(Table1_1[[#This Row],[Bo''lim]],Bolimlar!A:A,Bolimlar!B:B,"Topilmadi") -> Jasur Yusupov | V27: =IF(P27="Ha",1,0) -> 0 | W27: =IF(T27<1,"1 yildan kam",IF(T27<3,"1-3 yil","3 yildan ko'p")) -> 3 yildan ko'p
A28: EMP-0397 | B28: Ulugbek Saidov | C28: Erkak | D28: 34017 | E28: 46059 | F28: MARKETING | G28: SMM mutaxassisi | H28: Senior | I28: Toshkent | J28: 15320000 | K28: 3 | L28: 4 | M28: 21 | N28: Gibrid | O28: O'rta maxsus | P28: Yo'q | S28: =DATEDIF(D28,DATE(2026,9,30),"Y") -> 33 | T28: =(IF(Q28="",DATE(2026,9,30),Q28)-E28)/365.25 -> 0.64613279 | U28: =_xlfn.XLOOKUP(Table1_1[[#This Row],[Bo''lim]],Bolimlar!A:A,Bolimlar!B:B,"Topilmadi") -> Dilnoza Rahimova | V28: =IF(P28="Ha",1,0) -> 0 | W28: =IF(T28<1,"1 yildan kam",IF(T28<3,"1-3 yil","3 yildan ko'p")) -> 1 yildan kam
A29: EMP-0094 | B29: Sevara Ergasheva | C29: Ayol | D29: 31799 | E29: 45323 | F29: IT | G29: QA muhandisi | H29: Senior | I29: Namangan | J29: 15300000 | K29: 4 | L29: 3 | M29: 6 | N29: Ofis | O29: Bakalavr | P29: Yo'q | S29: =DATEDIF(D29,DATE(2026,9,30),"Y") -> 39 | T29: =(IF(Q29="",DATE(2026,9,30),Q29)-E29)/365.25 -> 2.661191 | U29: =_xlfn.XLOOKUP(Table1_1[[#This Row],[Bo''lim]],Bolimlar!A:A,Bolimlar!B:B,"Topilmadi") -> Jasur Yusupov | V29: =IF(P29="Ha",1,0) -> 0 | W29: =IF(T29<1,"1 yildan kam",IF(T29<3,"1-3 yil","3 yildan ko'p")) -> 1-3 yil
A30: EMP-0342 | B30: Nigora Qodirova | C30: Ayol | D30: 33566 | E30: 45823 | F30: SOTUV | G30: Hudud menejeri | H30: Senior | I30: Qarshi | J30: 15280000 | K30: 3 | L30: 4 | M30: 19 | N30: Ofis | O30: Magistr | P30: Yo'q | S30: =DATEDIF(D30,DATE(2026,9,30),"Y") -> 34 | T30: =(IF(Q30="",DATE(2026,9,30),Q30)-E30)/365.25 -> 1.2922656 | U30: =_xlfn.XLOOKUP(Table1_1[[#This Row],[Bo''lim]],Bolimlar!A:A,Bolimlar!B:B,"Topilmadi") -> Aziz Karimov | V30: =IF(P30="Ha",1,0) -> 0 | W30: =IF(T30<1,"1 yildan kam",IF(T30<3,"1-3 yil","3 yildan ko'p")) -> 1-3 yil
A31: EMP-0480 | B31: Otabek Tursunov | C31: Erkak | D31: 30901 | E31: 44326 | F31: SOTUV | G31: Savdo vakili | H31: Senior | I31: Andijon | J31: 15280000 | K31: 4 | L31: 3 | M31: 11 | N31: Gibrid | O31: Bakalavr | P31: Yo'q | S31: =DATEDIF(D31,DATE(2026,9,30),"Y") -> 42 | T31: =(IF(Q31="",DATE(2026,9,30),Q31)-E31)/365.25 -> 5.3908282 | U31: =_xlfn.XLOOKUP(Table1_1[[#This Row],[Bo''lim]],Bolimlar!A:A,Bolimlar!B:B,"Topilmadi") -> Aziz Karimov | V31: =IF(P31="Ha",1,0) -> 0 | W31: =IF(T31<1,"1 yildan kam",IF(T31<3,"1-3 yil","3 yildan ko'p")) -> 3 yildan ko'p
A32: EMP-0160 | B32: Zilola Karimova | C32: Ayol | D32: 35294 | E32: 46257 | F32: IT | G32: Dasturchi | H32: Senior | I32: Toshkent | J32: 15270000 | K32: 3 | L32: 5 | M32: 0 | N32: Gibrid | P32: Yo'q | S32: =DATEDIF(D32,DATE(2026,9,30),"Y") -> 30 | T32: =(IF(Q32="",DATE(2026,9,30),Q32)-E32)/365.25 -> 0.10403833 | U32: =_xlfn.XLOOKUP(Table1_1[[#This Row],[Bo''lim]],Bolimlar!A:A,Bolimlar!B:B,"Topilmadi") -> Jasur Yusupov | V32: =IF(P32="Ha",1,0) -> 0 | W32: =IF(T32<1,"1 yildan kam",IF(T32<3,"1-3 yil","3 yildan ko'p")) -> 1 yildan kam
A33: EMP-0199 | B33: Ulugbek Ergashev | C33: Erkak | D33: 25782 | E33: 45593 | F33: MOLIYA | G33: Moliyaviy tahlilchi | H33: Senior | I33: Toshkent | J33: 15200000 | K33: 3 | L33: 4 | M33: 6 | N33: Gibrid | O33: Bakalavr | P33: Yo'q | S33: =DATEDIF(D33,DATE(2026,9,30),"Y") -> 56 | T33: =(IF(Q33="",DATE(2026,9,30),Q33)-E33)/365.25 -> 1.9219713 | U33: =_xlfn.XLOOKUP(Table1_1[[#This Row],[Bo''lim]],Bolimlar!A:A,Bolimlar!B:B,"Topilmadi") -> Madina Abdullayeva | V33: =IF(P33="Ha",1,0) -> 0 | W33: =IF(T33<1,"1 yildan kam",IF(T33<3,"1-3 yil","3 yildan ko'p")) -> 1-3 yil
A34: EMP-0613 | B34: Jasur Umarov | C34: Erkak | D34: 32934 | E34: 45499 | F34: SOTUV | G34: Hudud menejeri | H34: Senior | I34: Andijon | J34: 15150000 | K34: 5 | L34: 4 | M34: 20 | N34: Ofis | O34: Bakalavr | P34: Yo'q | S34: =DATEDIF(D34,DATE(2026,9,30),"Y") -> 36 | T34: =(IF(Q34="",DATE(2026,9,30),Q34)-E34)/365.25 -> 2.1793292 | U34: =_xlfn.XLOOKUP(Table1_1[[#This Row],[Bo''lim]],Bolimlar!A:A,Bolimlar!B:B,"Topilmadi") -> Aziz Karimov | V34: =IF(P34="Ha",1,0) -> 0 | W34: =IF(T34<1,"1 yildan kam",IF(T34<3,"1-3 yil","3 yildan ko'p")) -> 1-3 yil
A35: EMP-0540 | B35: Kamola Abdullayeva | C35: Ayol | D35: 34075 | E35: 46152 | F35: SOTUV | G35: Savdo vakili | H35: Senior | I35: Buxoro | J35: 15080000 | K35: 5 | L35: 3 | M35: 33 | N35: Gibrid | O35: Bakalavr | P35: Yo'q | S35: =DATEDIF(D35,DATE(2026,9,30),"Y") -> 33 | T35: =(IF(Q35="",DATE(2026,9,30),Q35)-E35)/365.25 -> 0.39151266 | U35: =_xlfn.XLOOKUP(Table1_1[[#This Row],[Bo''lim]],Bolimlar!A:A,Bolimlar!B:B,"Topilmadi") -> Aziz Karimov | V35: =IF(P35="Ha",1,0) -> 0 | W35: =IF(T35<1,"1 yildan kam",IF(T35<3,"1-3 yil","3 yildan ko'p")) -> 1 yildan kam
A36: EMP-0455 | B36: Malika Rahimova | C36: Ayol | D36: 35667 | E36: 45991 | F36: MARKETING | G36: SMM mutaxassisi | H36: Senior | I36: Toshkent | J36: 15040000 | K36: 4 | L36: 2 | M36: 10 | N36: Gibrid | O36: Magistr | P36: Yo'q | S36: =DATEDIF(D36,DATE(2026,9,30),"Y") -> 29 | T36: =(IF(Q36="",DATE(2026,9,30),Q36)-E36)/365.25 -> 0.83230664 | U36: =_xlfn.XLOOKUP(Table1_1[[#This Row],[Bo''lim]],Bolimlar!A:A,Bolimlar!B:B,"Topilmadi") -> Dilnoza Rahimova | V36: =IF(P36="Ha",1,0) -> 0 | W36: =IF(T36<1,"1 yildan kam",IF(T36<3,"1-3 yil","3 yildan ko'p")) -> 1 yildan kam
A37: EMP-0653 | B37: Madina Abdullayeva | C37: Ayol | D37: 34503 | E37: 45514 | F37: MARKETING | G37: Kontent menejer | H37: Senior | I37: Buxoro | J37: 15030000 | K37: 3 | L37: 3 | M37: 38 | N37: Ofis | O37: Bakalavr | P37: Yo'q | S37: =DATEDIF(D37,DATE(2026,9,30),"Y") -> 32 | T37: =(IF(Q37="",DATE(2026,9,30),Q37)-E37)/365.25 -> 2.1382615 | U37: =_xlfn.XLOOKUP(Table1_1[[#This Row],[Bo''lim]],Bolimlar!A:A,Bolimlar!B:B,"Topilmadi") -> Dilnoza Rahimova | V37: =IF(P37="Ha",1,0) -> 0 | W37: =IF(T37<1,"1 yildan kam",IF(T37<3,"1-3 yil","3 yildan ko'p")) -> 1-3 yil
A38: EMP-0249 | B38: Sevara Ismoilova | C38: Ayol | D38: 32649 | E38: 43892 | F38: SOTUV | G38: Savdo vakili | H38: Senior | I38: Farg'ona | J38: 14930000 | K38: 4 | L38: 1 | M38: 35 | N38: Ofis | O38: O'rta maxsus | P38: Yo'q | S38: =DATEDIF(D38,DATE(2026,9,30),"Y") -> 37 | T38: =(IF(Q38="",DATE(2026,9,30),Q38)-E38)/365.25 -> 6.5790554 | U38: =_xlfn.XLOOKUP(Table1_1[[#This Row],[Bo''lim]],Bolimlar!A:A,Bolimlar!B:B,"Topilmadi") -> Aziz Karimov | V38: =IF(P38="Ha",1,0) -> 0 | W38: =IF(T38<1,"1 yildan kam",IF(T38<3,"1-3 yil","3 yildan ko'p")) -> 3 yildan ko'p
A39: EMP-0595 | B39: Aziza Tursunova | C39: Ayol | D39: 36970 | E39: 45454 | F39: MOLIYA | G39: Kassir | H39: Senior | I39: Samarqand | J39: 14850000 | K39: 5 | L39: 3 | M39: 8 | N39: Gibrid | O39: Bakalavr | P39: Yo'q | S39: =DATEDIF(D39,DATE(2026,9,30),"Y") -> 25 | T39: =(IF(Q39="",DATE(2026,9,30),Q39)-E39)/365.25 -> 2.3025325 | U39: =_xlfn.XLOOKUP(Table1_1[[#This Row],[Bo''lim]],Bolimlar!A:A,Bolimlar!B:B,"Topilmadi") -> Madina Abdullayeva | V39: =IF(P39="Ha",1,0) -> 0 | W39: =IF(T39<1,"1 yildan kam",IF(T39<3,"1-3 yil","3 yildan ko'p")) -> 1-3 yil
A40: EMP-0787 | B40: Gulnora Rahimova | C40: Ayol | D40: 37018 | E40: 45558 | F40: SOTUV | G40: Sotuv menejeri | H40: Senior | I40: Toshkent | J40: 14850000 | K40: 4 | L40: 3 | M40: 25 | N40: Ofis | O40: Bakalavr | P40: Yo'q | S40: =DATEDIF(D40,DATE(2026,9,30),"Y") -> 25 | T40: =(IF(Q40="",DATE(2026,9,30),Q40)-E40)/365.25 -> 2.017796 | U40: =_xlfn.XLOOKUP(Table1_1[[#This Row],[Bo''lim]],Bolimlar!A:A,Bolimlar!B:B,"Topilmadi") -> Aziz Karimov | V40: =IF(P40="Ha",1,0) -> 0 | W40: =IF(T40<1,"1 yildan kam",IF(T40<3,"1-3 yil","3 yildan ko'p")) -> 1-3 yil
A41: EMP-0244 | B41: Akmal Qodirov | C41: Erkak | D41: 29365 | E41: 44470 | F41: MARKETING | G41: Marketolog | H41: Senior | I41: Samarqand | J41: 14780000 | K41: 1 | L41: 5 | M41: 9 | N41: Ofis | O41: Magistr | P41: Yo'q | S41: =DATEDIF(D41,DATE(2026,9,30),"Y") -> 46 | T41: =(IF(Q41="",DATE(2026,9,30),Q41)-E41)/365.25 -> 4.9965777 | U41: =_xlfn.XLOOKUP(Table1_1[[#This Row],[Bo''lim]],Bolimlar!A:A,Bolimlar!B:B,"Topilmadi") -> Dilnoza Rahimova | V41: =IF(P41="Ha",1,0) -> 0 | W41: =IF(T41<1,"1 yildan kam",IF(T41<3,"1-3 yil","3 yildan ko'p")) -> 3 yildan ko'p
A42: EMP-0001 | B42: Nodira Ismoilova | C42: Ayol | D42: 34946 | E42: 43842 | F42: IT | G42: Dasturchi | H42: Senior | I42: Toshkent | J42: 14720000 | K42: 3 | L42: 2 | M42: 8 | N42: Gibrid | O42: Bakalavr | P42: Ha | Q42: 46237 | R42: Maosh past | S42: =DATEDIF(D42,DATE(2026,9,30),"Y") -> 31 | T42: =(IF(Q42="",DATE(2026,9,30),Q42)-E42)/365.25 -> 6.5571526 | U42: =_xlfn.XLOOKUP(Table1_1[[#This Row],[Bo''lim]],Bolimlar!A:A,Bolimlar!B:B,"Topilmadi") -> Jasur Yusupov | V42: =IF(P42="Ha",1,0) -> 1 | W42: =IF(T42<1,"1 yildan kam",IF(T42<3,"1-3 yil","3 yildan ko'p")) -> 3 yildan ko'p
A43: EMP-0742 | B43: Otabek Mirzayev | C43: Erkak | D43: 34255 | E43: 46101 | F43: HR | G43: Rekruter | H43: Senior | I43: Samarqand | J43: 14600000 | K43: 1 | L43: 4 | M43: 12 | N43: Masofaviy | O43: Bakalavr | P43: Yo'q | S43: =DATEDIF(D43,DATE(2026,9,30),"Y") -> 32 | T43: =(IF(Q43="",DATE(2026,9,30),Q43)-E43)/365.25 -> 0.53114305 | U43: =_xlfn.XLOOKUP(Table1_1[[#This Row],[Bo''lim]],Bolimlar!A:A,Bolimlar!B:B,"Topilmadi") -> Nodira Tursunova | V43: =IF(P43="Ha",1,0) -> 0 | W43: =IF(T43<1,"1 yildan kam",IF(T43<3,"1-3 yil","3 yildan ko'p")) -> 1 yildan kam
A44: EMP-0366 | B44: Jasur Ergashev | C44: Erkak | D44: 31019 | E44: 44081 | F44: IT | G44: QA muhandisi | H44: Senior | I44: Farg'ona | J44: 14560000 | K44: 4 | L44: 4 | M44: 17 | N44: Ofis | O44: Bakalavr | P44: Ha | Q44: 46156 | R44: Maosh past | S44: =DATEDIF(D44,DATE(2026,9,30),"Y") -> 41 | T44: =(IF(Q44="",DATE(2026,9,30),Q44)-E44)/365.25 -> 5.6810404 | U44: =_xlfn.XLOOKUP(Table1_1[[#This Row],[Bo''lim]],Bolimlar!A:A,Bolimlar!B:B,"Topilmadi") -> Jasur Yusupov | V44: =IF(P44="Ha",1,0) -> 1 | W44: =IF(T44<1,"1 yildan kam",IF(T44<3,"1-3 yil","3 yildan ko'p")) -> 3 yildan ko'p
A45: EMP-0367 | B45: Zilola Qodirova | C45: Ayol | D45: 32361 | E45: 46006 | F45: SOTUV | G45: Savdo vakili | H45: Senior | I45: Buxoro | J45: 14550000 | K45: 2 | L45: 4 | M45: 17 | N45: Gibrid | P45: Ha | Q45: 46143 | R45: Boshqa shaharga ko'chdi | S45: =DATEDIF(D45,DATE(2026,9,30),"Y") -> 38 | T45: =(IF(Q45="",DATE(2026,9,30),Q45)-E45)/365.25 -> 0.37508556 | U45: =_xlfn.XLOOKUP(Table1_1[[#This Row],[Bo''lim]],Bolimlar!A:A,Bolimlar!B:B,"Topilmadi") -> Aziz Karimov | V45: =IF(P45="Ha",1,0) -> 1 | W45: =IF(T45<1,"1 yildan kam",IF(T45<3,"1-3 yil","3 yildan ko'p")) -> 1 yildan kam
A46: EMP-0066 | B46: Sevara Hasanova | C46: Ayol | D46: 37523 | E46: 45044 | F46: MOLIYA | G46: Buxgalter | H46: Senior | I46: Toshkent | J46: 14510000 | K46: 3 | L46: 2 | M46: 5 | N46: Ofis | O46: Bakalavr | P46: Yo'q | S46: =DATEDIF(D46,DATE(2026,9,30),"Y") -> 24 | T46: =(IF(Q46="",DATE(2026,9,30),Q46)-E46)/365.25 -> 3.4250513 | U46: =_xlfn.XLOOKUP(Table1_1[[#This Row],[Bo''lim]],Bolimlar!A:A,Bolimlar!B:B,"Topilmadi") -> Madina Abdullayeva | V46: =IF(P46="Ha",1,0) -> 0 | W46: =IF(T46<1,"1 yildan kam",IF(T46<3,"1-3 yil","3 yildan ko'p")) -> 3 yildan ko'p
A47: EMP-0551 | B47: Jahongir Karimov | C47: Erkak | D47: 35381 | E47: 45910 | F47: SOTUV | G47: Sotuv menejeri | H47: Senior | I47: Toshkent | J47: 14490000 | K47: 3 | L47: 3 | M47: 17 | N47: Masofaviy | O47: Magistr | P47: Yo'q | S47: =DATEDIF(D47,DATE(2026,9,30),"Y") -> 29 | T47: =(IF(Q47="",DATE(2026,9,30),Q47)-E47)/365.25 -> 1.0540726 | U47: =_xlfn.XLOOKUP(Table1_1[[#This Row],[Bo''lim]],Bolimlar!A:A,Bolimlar!B:B,"Topilmadi") -> Aziz Karimov | V47: =IF(P47="Ha",1,0) -> 0 | W47: =IF(T47<1,"1 yildan kam",IF(T47<3,"1-3 yil","3 yildan ko'p")) -> 1-3 yil
A48: EMP-0200 | B48: Sevara Yusupova | C48: Ayol | D48: 33588 | E48: 46016 | F48: SOTUV | G48: Hudud menejeri | H48: Senior | I48: Buxoro | J48: 14470000 | K48: 4 | L48: 4 | M48: 10 | N48: Ofis | O48: Magistr | P48: Yo'q | S48: =DATEDIF(D48,DATE(2026,9,30),"Y") -> 34 | T48: =(IF(Q48="",DATE(2026,9,30),Q48)-E48)/365.25 -> 0.76386037 | U48: =_xlfn.XLOOKUP(Table1_1[[#This Row],[Bo''lim]],Bolimlar!A:A,Bolimlar!B:B,"Topilmadi") -> Aziz Karimov | V48: =IF(P48="Ha",1,0) -> 0 | W48: =IF(T48<1,"1 yildan kam",IF(T48<3,"1-3 yil","3 yildan ko'p")) -> 1 yildan kam
A49: EMP-0495 | B49: Nodira Karimova | C49: Ayol | D49: 30933 | E49: 45244 | F49: SOTUV | G49: Savdo vakili | H49: Senior | I49: Andijon | J49: 14420000 | K49: 4 | L49: 4 | M49: 11 | N49: Gibrid | O49: O'rta maxsus | P49: Yo'q | S49: =DATEDIF(D49,DATE(2026,9,30),"Y") -> 42 | T49: =(IF(Q49="",DATE(2026,9,30),Q49)-E49)/365.25 -> 2.8774812 | U49: =_xlfn.XLOOKUP(Table1_1[[#This Row],[Bo''lim]],Bolimlar!A:A,Bolimlar!B:B,"Topilmadi") -> Aziz Karimov | V49: =IF(P49="Ha",1,0) -> 0 | W49: =IF(T49<1,"1 yildan kam",IF(T49<3,"1-3 yil","3 yildan ko'p")) -> 1-3 yil
A50: EMP-0388 | B50: Doniyor Mirzayev | C50: Erkak | D50: 33955 | E50: 44185 | F50: MARKETING | G50: Kontent menejer | H50: Senior | I50: Toshkent | J50: 14320000 | K50: 2 | L50: 3 | M50: 6 | N50: Gibrid | O50: O'rta maxsus | P50: Yo'q | S50: =DATEDIF(D50,DATE(2026,9,30),"Y") -> 33 | T50: =(IF(Q50="",DATE(2026,9,30),Q50)-E50)/365.25 -> 5.7768652 | U50: =_xlfn.XLOOKUP(Table1_1[[#This Row],[Bo''lim]],Bolimlar!A:A,Bolimlar!B:B,"Topilmadi") -> Dilnoza Rahimova | V50: =IF(P50="Ha",1,0) -> 0 | W50: =IF(T50<1,"1 yildan kam",IF(T50<3,"1-3 yil","3 yildan ko'p")) -> 3 yildan ko'p
A51: EMP-0654 | B51: Madina Hasanova | C51: Ayol | D51: 33956 | E51: 42622 | F51: SOTUV | G51: Hudud menejeri | H51: Senior | I51: Farg'ona | J51: 14290000 | K51: 3 | L51: 3 | M51: 12 | N51: Gibrid | O51: Bakalavr | P51: Yo'q | S51: =DATEDIF(D51,DATE(2026,9,30),"Y") -> 33 | T51: =(IF(Q51="",DATE(2026,9,30),Q51)-E51)/365.25 -> 10.056126 | U51: =_xlfn.XLOOKUP(Table1_1[[#This Row],[Bo''lim]],Bolimlar!A:A,Bolimlar!B:B,"Topilmadi") -> Aziz Karimov | V51: =IF(P51="Ha",1,0) -> 0 | W51: =IF(T51<1,"1 yildan kam",IF(T51<3,"1-3 yil","3 yildan ko'p")) -> 3 yildan ko'p
A52: EMP-0753 | B52: Aziza Ergasheva | C52: Ayol | D52: 37265 | E52: 45817 | F52: LOGISTIKA | G52: Ombor mudiri | H52: Senior | I52: Buxoro | J52: 14180000 | K52: 4 | L52: 1 | M52: 31 | N52: Gibrid | O52: Bakalavr | P52: Yo'q | S52: =DATEDIF(D52,DATE(2026,9,30),"Y") -> 24 | T52: =(IF(Q52="",DATE(2026,9,30),Q52)-E52)/365.25 -> 1.3086927 | U52: =_xlfn.XLOOKUP(Table1_1[[#This Row],[Bo''lim]],Bolimlar!A:A,Bolimlar!B:B,"Topilmadi") -> Sardor Nazarov | V52: =IF(P52="Ha",1,0) -> 0 | W52: =IF(T52<1,"1 yildan kam",IF(T52<3,"1-3 yil","3 yildan ko'p")) -> 1-3 yil
A53: EMP-0399 | B53: Kamola Normatova | C53: Ayol | D53: 32494 | E53: 44286 | F53: SOTUV | G53: Savdo vakili | H53: Senior | I53: Toshkent | J53: 14160000 | K53: 3 | L53: 5 | M53: 22 | N53: Gibrid | O53: Magistr | P53: Yo'q | S53: =DATEDIF(D53,DATE(2026,9,30),"Y") -> 37 | T53: =(IF(Q53="",DATE(2026,9,30),Q53)-E53)/365.25 -> 5.5003422 | U53: =_xlfn.XLOOKUP(Table1_1[[#This Row],[Bo''lim]],Bolimlar!A:A,Bolimlar!B:B,"Topilmadi") -> Aziz Karimov | V53: =IF(P53="Ha",1,0) -> 0 | W53: =IF(T53<1,"1 yildan kam",IF(T53<3,"1-3 yil","3 yildan ko'p")) -> 3 yildan ko'p
A54: EMP-0457 | B54: Jasur Nazarov | C54: Erkak | D54: 38051 | E54: 46144 | F54: LOGISTIKA | G54: Ombor mudiri | H54: Senior | I54: Farg'ona | J54: 14120000 | K54: 4 | L54: 3 | M54: 15 | N54: Gibrid | O54: O'rta maxsus | P54: Yo'q | S54: =DATEDIF(D54,DATE(2026,9,30),"Y") -> 22 | T54: =(IF(Q54="",DATE(2026,9,30),Q54)-E54)/365.25 -> 0.41341547 | U54: =_xlfn.XLOOKUP(Table1_1[[#This Row],[Bo''lim]],Bolimlar!A:A,Bolimlar!B:B,"Topilmadi") -> Sardor Nazarov | V54: =IF(P54="Ha",1,0) -> 0 | W54: =IF(T54<1,"1 yildan kam",IF(T54<3,"1-3 yil","3 yildan ko'p")) -> 1 yildan kam
A55: EMP-0130 | B55: Aziz Rahimov | C55: Erkak | D55: 28729 | E55: 42809 | F55: IT | G55: Tizim administratori | H55: Senior | I55: Toshkent | J55: 14100000 | K55: 4 | L55: 3 | M55: 23 | N55: Gibrid | P55: Yo'q | S55: =DATEDIF(D55,DATE(2026,9,30),"Y") -> 48 | T55: =(IF(Q55="",DATE(2026,9,30),Q55)-E55)/365.25 -> 9.5441478 | U55: =_xlfn.XLOOKUP(Table1_1[[#This Row],[Bo''lim]],Bolimlar!A:A,Bolimlar!B:B,"Topilmadi") -> Jasur Yusupov | V55: =IF(P55="Ha",1,0) -> 0 | W55: =IF(T55<1,"1 yildan kam",IF(T55<3,"1-3 yil","3 yildan ko'p")) -> 3 yildan ko'p
A56: EMP-0264 | B56: Nodira Ergasheva | C56: Ayol | D56: 34446 | E56: 45061 | F56: IT | G56: Dasturchi | H56: Senior | I56: Toshkent | J56: 14090000 | K56: 4 | L56: 4 | M56: 2 | N56: Masofaviy | O56: Bakalavr | P56: Yo'q | S56: =DATEDIF(D56,DATE(2026,9,30),"Y") -> 32 | T56: =(IF(Q56="",DATE(2026,9,30),Q56)-E56)/365.25 -> 3.3785079 | U56: =_xlfn.XLOOKUP(Table1_1[[#This Row],[Bo''lim]],Bolimlar!A:A,Bolimlar!B:B,"Topilmadi") -> Jasur Yusupov | V56: =IF(P56="Ha",1,0) -> 0 | W56: =IF(T56<1,"1 yildan kam",IF(T56<3,"1-3 yil","3 yildan ko'p")) -> 3 yildan ko'p
A57: EMP-0600 | B57: Zilola Qodirova | C57: Ayol | D57: 34635 | E57: 45739 | F57: MARKETING | G57: Marketolog | H57: Senior | I57: Qarshi | J57: 14090000 | K57: 3 | L57: 1 | M57: 21 | N57: Ofis | O57: Magistr | P57: Yo'q | S57: =DATEDIF(D57,DATE(2026,9,30),"Y") -> 31 | T57: =(IF(Q57="",DATE(2026,9,30),Q57)-E57)/365.25 -> 1.522245 | U57: =_xlfn.XLOOKUP(Table1_1[[#This Row],[Bo''lim]],Bolimlar!A:A,Bolimlar!B:B,"Topilmadi") -> Dilnoza Rahimova | V57: =IF(P57="Ha",1,0) -> 0 | W57: =IF(T57<1,"1 yildan kam",IF(T57<3,"1-3 yil","3 yildan ko'p")) -> 1-3 yil
A58: EMP-0164 | B58: Nodira Karimova | C58: Ayol | D58: 31099 | E58: 44461 | F58: LOGISTIKA | G58: Ombor mudiri | H58: Senior | I58: Toshkent | J58: 14080000 | K58: 5 | L58: 1 | M58: 5 | N58: Gibrid | O58: Bakalavr | P58: Yo'q | S58: =DATEDIF(D58,DATE(2026,9,30),"Y") -> 41 | T58: =(IF(Q58="",DATE(2026,9,30),Q58)-E58)/365.25 -> 5.0212183 | U58: =_xlfn.XLOOKUP(Table1_1[[#This Row],[Bo''lim]],Bolimlar!A:A,Bolimlar!B:B,"Topilmadi") -> Sardor Nazarov | V58: =IF(P58="Ha",1,0) -> 0 | W58: =IF(T58<1,"1 yildan kam",IF(T58<3,"1-3 yil","3 yildan ko'p")) -> 3 yildan ko'p
A59: EMP-0346 | B59: Sardor Ergashev | C59: Erkak | D59: 29911 | E59: 45765 | F59: MARKETING | G59: SMM mutaxassisi | H59: Senior | I59: Toshkent | J59: 14070000 | K59: 3 | L59: 5 | M59: 10 | N59: Ofis | O59: Bakalavr | P59: Yo'q | S59: =DATEDIF(D59,DATE(2026,9,30),"Y") -> 44 | T59: =(IF(Q59="",DATE(2026,9,30),Q59)-E59)/365.25 -> 1.4510609 | U59: =_xlfn.XLOOKUP(Table1_1[[#This Row],[Bo''lim]],Bolimlar!A:A,Bolimlar!B:B,"Topilmadi") -> Dilnoza Rahimova | V59: =IF(P59="Ha",1,0) -> 0 | W59: =IF(T59<1,"1 yildan kam",IF(T59<3,"1-3 yil","3 yildan ko'p")) -> 1-3 yil
A60: EMP-0764 | B60: Feruza Mirzayeva | C60: Ayol | D60: 32318 | E60: 46025 | F60: MOLIYA | G60: Moliyaviy tahlilchi | H60: Senior | I60: Toshkent | J60: 14010000 | K60: 3 | L60: 4 | M60: 0 | N60: Ofis | O60: O'rta maxsus | P60: Yo'q | S60: =DATEDIF(D60,DATE(2026,9,30),"Y") -> 38 | T60: =(IF(Q60="",DATE(2026,9,30),Q60)-E60)/365.25 -> 0.73921971 | U60: =_xlfn.XLOOKUP(Table1_1[[#This Row],[Bo''lim]],Bolimlar!A:A,Bolimlar!B:B,"Topilmadi") -> Madina Abdullayeva | V60: =IF(P60="Ha",1,0) -> 0 | W60: =IF(T60<1,"1 yildan kam",IF(T60<3,"1-3 yil","3 yildan ko'p")) -> 1 yildan kam
A61: EMP-0552 | B61: Bobur Ergashev | C61: Erkak | D61: 35299 | E61: 46261 | F61: SOTUV | G61: Sotuv menejeri | H61: Senior | I61: Toshkent | J61: 13940000 | K61: 5 | L61: 4 | M61: 13 | N61: Gibrid | O61: Bakalavr | P61: Yo'q | S61: =DATEDIF(D61,DATE(2026,9,30),"Y") -> 30 | T61: =(IF(Q61="",DATE(2026,9,30),Q61)-E61)/365.25 -> 0.093086927 | U61: =_xlfn.XLOOKUP(Table1_1[[#This Row],[Bo''lim]],Bolimlar!A:A,Bolimlar!B:B,"Topilmadi") -> Aziz Karimov | V61: =IF(P61="Ha",1,0) -> 0 | W61: =IF(T61<1,"1 yildan kam",IF(T61<3,"1-3 yil","3 yildan ko'p")) -> 1 yildan kam
A62: EMP-0133 | B62: Nodira Karimova | C62: Ayol | D62: 32398 | E62: 44218 | F62: SOTUV | G62: Hudud menejeri | H62: Senior | I62: Toshkent | J62: 13910000 | K62: 5 | L62: 3 | M62: 15 | N62: Gibrid | O62: Bakalavr | P62: Yo'q | S62: =DATEDIF(D62,DATE(2026,9,30),"Y") -> 38 | T62: =(IF(Q62="",DATE(2026,9,30),Q62)-E62)/365.25 -> 5.6865161 | U62: =_xlfn.XLOOKUP(Table1_1[[#This Row],[Bo''lim]],Bolimlar!A:A,Bolimlar!B:B,"Topilmadi") -> Aziz Karimov | V62: =IF(P62="Ha",1,0) -> 0 | W62: =IF(T62<1,"1 yildan kam",IF(T62<3,"1-3 yil","3 yildan ko'p")) -> 3 yildan ko'p
A63: EMP-0419 | B63: Islom Normatov | C63: Erkak | D63: 33643 | E63: 44920 | F63: SOTUV | G63: Sotuv menejeri | H63: Senior | I63: Toshkent | J63: 13770000 | K63: 5 | L63: 3 | M63: 11 | N63: Ofis | O63: Magistr | P63: Yo'q | S63: =DATEDIF(D63,DATE(2026,9,30),"Y") -> 34 | T63: =(IF(Q63="",DATE(2026,9,30),Q63)-E63)/365.25 -> 3.7645448 | U63: =_xlfn.XLOOKUP(Table1_1[[#This Row],[Bo''lim]],Bolimlar!A:A,Bolimlar!B:B,"Topilmadi") -> Aziz Karimov | V63: =IF(P63="Ha",1,0) -> 0 | W63: =IF(T63<1,"1 yildan kam",IF(T63<3,"1-3 yil","3 yildan ko'p")) -> 3 yildan ko'p
A64: EMP-0231 | B64: Sardor Umarov | C64: Erkak | D64: 33573 | E64: 44575 | F64: LOGISTIKA | G64: Logist | H64: Senior | I64: Farg'ona | J64: 13740000 | K64: 3 | L64: 5 | M64: 19 | N64: Ofis | O64: Bakalavr | P64: Yo'q | S64: =DATEDIF(D64,DATE(2026,9,30),"Y") -> 34 | T64: =(IF(Q64="",DATE(2026,9,30),Q64)-E64)/365.25 -> 4.7091034 | U64: =_xlfn.XLOOKUP(Table1_1[[#This Row],[Bo''lim]],Bolimlar!A:A,Bolimlar!B:B,"Topilmadi") -> Sardor Nazarov | V64: =IF(P64="Ha",1,0) -> 0 | W64: =IF(T64<1,"1 yildan kam",IF(T64<3,"1-3 yil","3 yildan ko'p")) -> 3 yildan ko'p
A65: EMP-0090 | B65: Akmal Ismoilov | C65: Erkak | D65: 35091 | E65: 44639 | F65: MARKETING | G65: SMM mutaxassisi | H65: Senior | I65: Farg'ona | J65: 13670000 | K65: 3 | L65: 3 | M65: 18 | N65: Masofaviy | O65: Bakalavr | P65: Yo'q | S65: =DATEDIF(D65,DATE(2026,9,30),"Y") -> 30 | T65: =(IF(Q65="",DATE(2026,9,30),Q65)-E65)/365.25 -> 4.5338809 | U65: =_xlfn.XLOOKUP(Table1_1[[#This Row],[Bo''lim]],Bolimlar!A:A,Bolimlar!B:B,"Topilmadi") -> Dilnoza Rahimova | V65: =IF(P65="Ha",1,0) -> 0 | W65: =IF(T65<1,"1 yildan kam",IF(T65<3,"1-3 yil","3 yildan ko'p")) -> 3 yildan ko'p
A66: EMP-0560 | B66: Behruz Yusupov | C66: Erkak | D66: 33046 | E66: 46177 | F66: MOLIYA | G66: Buxgalter | H66: Senior | I66: Samarqand | J66: 13630000 | K66: 5 | L66: 4 | M66: 15 | N66: Ofis | O66: Bakalavr | P66: Yo'q | S66: =DATEDIF(D66,DATE(2026,9,30),"Y") -> 36 | T66: =(IF(Q66="",DATE(2026,9,30),Q66)-E66)/365.25 -> 0.32306639 | U66: =_xlfn.XLOOKUP(Table1_1[[#This Row],[Bo''lim]],Bolimlar!A:A,Bolimlar!B:B,"Topilmadi") -> Madina Abdullayeva | V66: =IF(P66="Ha",1,0) -> 0 | W66: =IF(T66<1,"1 yildan kam",IF(T66<3,"1-3 yil","3 yildan ko'p")) -> 1 yildan kam
A67: EMP-0405 | B67: Jahongir Nazarov | C67: Erkak | D67: 32143 | E67: 45697 | F67: MOLIYA | G67: Moliyaviy tahlilchi | H67: Senior | I67: Toshkent | J67: 13570000 | K67: 4 | L67: 4 | M67: 13 | N67: Gibrid | O67: Bakalavr | P67: Yo'q | S67: =DATEDIF(D67,DATE(2026,9,30),"Y") -> 38 | T67: =(IF(Q67="",DATE(2026,9,30),Q67)-E67)/365.25 -> 1.6372348 | U67: =_xlfn.XLOOKUP(Table1_1[[#This Row],[Bo''lim]],Bolimlar!A:A,Bolimlar!B:B,"Topilmadi") -> Madina Abdullayeva | V67: =IF(P67="Ha",1,0) -> 0 | W67: =IF(T67<1,"1 yildan kam",IF(T67<3,"1-3 yil","3 yildan ko'p")) -> 1-3 yil
A68: EMP-0271 | B68: Zilola Saidova | C68: Ayol | D68: 34602 | E68: 45155 | F68: MOLIYA | G68: Kassir | H68: Senior | I68: Toshkent | J68: 13490000 | K68: 4 | L68: 5 | M68: 5 | N68: Ofis | O68: Bakalavr | P68: Ha | Q68: 46222 | R68: Ish yuklamasi ko'p | S68: =DATEDIF(D68,DATE(2026,9,30),"Y") -> 32 | T68: =(IF(Q68="",DATE(2026,9,30),Q68)-E68)/365.25 -> 2.9212868 | U68: =_xlfn.XLOOKUP(Table1_1[[#This Row],[Bo''lim]],Bolimlar!A:A,Bolimlar!B:B,"Topilmadi") -> Madina Abdullayeva | V68: =IF(P68="Ha",1,0) -> 1 | W68: =IF(T68<1,"1 yildan kam",IF(T68<3,"1-3 yil","3 yildan ko'p")) -> 1-3 yil
A69: EMP-0406 | B69: Gulnora Karimova | C69: Ayol | D69: 29378 | E69: 45878 | F69: LOGISTIKA | G69: Haydovchi-ekspeditor | H69: Senior | I69: Samarqand | J69: 13410000 | K69: 3 | L69: 2 | M69: 29 | N69: Ofis | O69: Bakalavr | P69: Yo'q | S69: =DATEDIF(D69,DATE(2026,9,30),"Y") -> 46 | T69: =(IF(Q69="",DATE(2026,9,30),Q69)-E69)/365.25 -> 1.1416838 | U69: =_xlfn.XLOOKUP(Table1_1[[#This Row],[Bo''lim]],Bolimlar!A:A,Bolimlar!B:B,"Topilmadi") -> Sardor Nazarov | V69: =IF(P69="Ha",1,0) -> 0 | W69: =IF(T69<1,"1 yildan kam",IF(T69<3,"1-3 yil","3 yildan ko'p")) -> 1-3 yil
A70: EMP-0238 | B70: Kamola Rahimova | C70: Ayol | D70: 35836 | E70: 44817 | F70: SOTUV | G70: Sotuv menejeri | H70: Senior | I70: Buxoro | J70: 13250000 | L70: 3 | M70: 12 | N70: Ofis | O70: Magistr | P70: Yo'q | S70: =DATEDIF(D70,DATE(2026,9,30),"Y") -> 28 | T70: =(IF(Q70="",DATE(2026,9,30),Q70)-E70)/365.25 -> 4.0465435 | U70: =_xlfn.XLOOKUP(Table1_1[[#This Row],[Bo''lim]],Bolimlar!A:A,Bolimlar!B:B,"Topilmadi") -> Aziz Karimov | V70: =IF(P70="Ha",1,0) -> 0 | W70: =IF(T70<1,"1 yildan kam",IF(T70<3,"1-3 yil","3 yildan ko'p")) -> 3 yildan ko'p
A71: EMP-0079 | B71: Dilnoza Ergasheva | C71: Ayol | D71: 34322 | E71: 45348 | F71: HR | G71: Rekruter | H71: Senior | I71: Toshkent | J71: 13220000 | K71: 5 | L71: 4 | M71: 31 | N71: Gibrid | O71: O'rta maxsus | P71: Yo'q | S71: =DATEDIF(D71,DATE(2026,9,30),"Y") -> 32 | T71: =(IF(Q71="",DATE(2026,9,30),Q71)-E71)/365.25 -> 2.5927447 | U71: =_xlfn.XLOOKUP(Table1_1[[#This Row],[Bo''lim]],Bolimlar!A:A,Bolimlar!B:B,"Topilmadi") -> Nodira Tursunova | V71: =IF(P71="Ha",1,0) -> 0 | W71: =IF(T71<1,"1 yildan kam",IF(T71<3,"1-3 yil","3 yildan ko'p")) -> 1-3 yil
A72: EMP-0233 | B72: Jasur Sobirov | C72: Erkak | D72: 32671 | E72: 43429 | F72: SOTUV | G72: Sotuv menejeri | H72: Senior | I72: Andijon | J72: 13190000 | K72: 4 | L72: 3 | M72: 9 | N72: Masofaviy | O72: Bakalavr | P72: Yo'q | S72: =DATEDIF(D72,DATE(2026,9,30),"Y") -> 37 | T72: =(IF(Q72="",DATE(2026,9,30),Q72)-E72)/365.25 -> 7.8466804 | U72: =_xlfn.XLOOKUP(Table1_1[[#This Row],[Bo''lim]],Bolimlar!A:A,Bolimlar!B:B,"Topilmadi") -> Aziz Karimov | V72: =IF(P72="Ha",1,0) -> 0 | W72: =IF(T72<1,"1 yildan kam",IF(T72<3,"1-3 yil","3 yildan ko'p")) -> 3 yildan ko'p
A73: EMP-0351 | B73: Islom Ergashev | C73: Erkak | D73: 36895 | E73: 46248 | F73: LOGISTIKA | G73: Ombor mudiri | H73: Senior | I73: Toshkent | J73: 13100000 | K73: 2 | L73: 5 | M73: 26 | N73: Gibrid | O73: Bakalavr | P73: Yo'q | S73: =DATEDIF(D73,DATE(2026,9,30),"Y") -> 25 | T73: =(IF(Q73="",DATE(2026,9,30),Q73)-E73)/365.25 -> 0.12867899 | U73: =_xlfn.XLOOKUP(Table1_1[[#This Row],[Bo''lim]],Bolimlar!A:A,Bolimlar!B:B,"Topilmadi") -> Sardor Nazarov | V73: =IF(P73="Ha",1,0) -> 0 | W73: =IF(T73<1,"1 yildan kam",IF(T73<3,"1-3 yil","3 yildan ko'p")) -> 1 yildan kam
A74: EMP-0453 | B74: Akmal Qodirov | C74: Erkak | D74: 33170 | E74: 44956 | F74: LOGISTIKA | G74: Ombor mudiri | H74: Senior | I74: Andijon | J74: 13090000 | K74: 4 | L74: 3 | M74: 6 | N74: Ofis | O74: Bakalavr | P74: Yo'q | S74: =DATEDIF(D74,DATE(2026,9,30),"Y") -> 35 | T74: =(IF(Q74="",DATE(2026,9,30),Q74)-E74)/365.25 -> 3.6659822 | U74: =_xlfn.XLOOKUP(Table1_1[[#This Row],[Bo''lim]],Bolimlar!A:A,Bolimlar!B:B,"Topilmadi") -> Sardor Nazarov | V74: =IF(P74="Ha",1,0) -> 0 | W74: =IF(T74<1,"1 yildan kam",IF(T74<3,"1-3 yil","3 yildan ko'p")) -> 3 yildan ko'p
A75: EMP-0644 | B75: Ulugbek Rahimov | C75: Erkak | D75: 32542 | E75: 44160 | F75: LOGISTIKA | G75: Logist | H75: Senior | I75: Namangan | J75: 13040000 | K75: 3 | L75: 4 | M75: 5 | N75: Ofis | O75: Bakalavr | P75: Yo'q | S75: =DATEDIF(D75,DATE(2026,9,30),"Y") -> 37 | T75: =(IF(Q75="",DATE(2026,9,30),Q75)-E75)/365.25 -> 5.8453114 | U75: =_xlfn.XLOOKUP(Table1_1[[#This Row],[Bo''lim]],Bolimlar!A:A,Bolimlar!B:B,"Topilmadi") -> Sardor Nazarov | V75: =IF(P75="Ha",1,0) -> 0 | W75: =IF(T75<1,"1 yildan kam",IF(T75<3,"1-3 yil","3 yildan ko'p")) -> 3 yildan ko'p
A76: EMP-0667 | B76: Aziz Sobirov | C76: Erkak | D76: 38243 | E76: 46093 | F76: LOGISTIKA | G76: Logist | H76: Senior | I76: Toshkent | J76: 12900000 | K76: 3 | L76: 4 | M76: 3 | N76: Gibrid | O76: Bakalavr | P76: Yo'q | S76: =DATEDIF(D76,DATE(2026,9,30),"Y") -> 22 | T76: =(IF(Q76="",DATE(2026,9,30),Q76)-E76)/365.25 -> 0.55304586 | U76: =_xlfn.XLOOKUP(Table1_1[[#This Row],[Bo''lim]],Bolimlar!A:A,Bolimlar!B:B,"Topilmadi") -> Sardor Nazarov | V76: =IF(P76="Ha",1,0) -> 0 | W76: =IF(T76<1,"1 yildan kam",IF(T76<3,"1-3 yil","3 yildan ko'p")) -> 1 yildan kam
A77: EMP-0009 | B77: Behruz Mirzayev | C77: Erkak | D77: 29141 | E77: 45147 | F77: SOTUV | G77: Savdo vakili | H77: Senior | I77: Toshkent | J77: 12840000 | L77: 3 | M77: 22 | N77: Ofis | O77: Bakalavr | P77: Yo'q | S77: =DATEDIF(D77,DATE(2026,9,30),"Y") -> 46 | T77: =(IF(Q77="",DATE(2026,9,30),Q77)-E77)/365.25 -> 3.1430527 | U77: =_xlfn.XLOOKUP(Table1_1[[#This Row],[Bo''lim]],Bolimlar!A:A,Bolimlar!B:B,"Topilmadi") -> Aziz Karimov | V77: =IF(P77="Ha",1,0) -> 0 | W77: =IF(T77<1,"1 yildan kam",IF(T77<3,"1-3 yil","3 yildan ko'p")) -> 3 yildan ko'p
A78: EMP-0285 | B78: Ulugbek Umarov | C78: Erkak | D78: 35546 | E78: 46246 | F78: LOGISTIKA | G78: Haydovchi-ekspeditor | H78: Senior | I78: Samarqand | J78: 12720000 | K78: 3 | L78: 4 | M78: 21 | N78: Gibrid | O78: Bakalavr | P78: Yo'q | S78: =DATEDIF(D78,DATE(2026,9,30),"Y") -> 29 | T78: =(IF(Q78="",DATE(2026,9,30),Q78)-E78)/365.25 -> 0.13415469 | U78: =_xlfn.XLOOKUP(Table1_1[[#This Row],[Bo''lim]],Bolimlar!A:A,Bolimlar!B:B,"Topilmadi") -> Sardor Nazarov | V78: =IF(P78="Ha",1,0) -> 0 | W78: =IF(T78<1,"1 yildan kam",IF(T78<3,"1-3 yil","3 yildan ko'p")) -> 1 yildan kam
A79: EMP-0086 | B79: Aziz Abdullayev | C79: Erkak | D79: 30822 | E79: 43556 | F79: SOTUV | G79: Sotuv menejeri | H79: Senior | I79: Toshkent | J79: 12710000 | K79: 4 | L79: 2 | M79: 13 | N79: Gibrid | O79: Magistr | P79: Ha | Q79: 46280 | R79: Boshqa shaharga ko'chdi | S79: =DATEDIF(D79,DATE(2026,9,30),"Y") -> 42 | T79: =(IF(Q79="",DATE(2026,9,30),Q79)-E79)/365.25 -> 7.4579055 | U79: =_xlfn.XLOOKUP(Table1_1[[#This Row],[Bo''lim]],Bolimlar!A:A,Bolimlar!B:B,"Topilmadi") -> Aziz Karimov | V79: =IF(P79="Ha",1,0) -> 1 | W79: =IF(T79<1,"1 yildan kam",IF(T79<3,"1-3 yil","3 yildan ko'p")) -> 3 yildan ko'p
A80: EMP-0182 | B80: Gulnora Hasanova | C80: Ayol | D80: 35898 | E80: 44336 | F80: MIJOZLAR XIZMATI | G80: Call-markaz operatori | H80: Senior | I80: Toshkent | J80: 12660000 | K80: 4 | L80: 3 | M80: 17 | N80: Ofis | O80: Bakalavr | P80: Yo'q | S80: =DATEDIF(D80,DATE(2026,9,30),"Y") -> 28 | T80: =(IF(Q80="",DATE(2026,9,30),Q80)-E80)/365.25 -> 5.3634497 | U80: =_xlfn.XLOOKUP(Table1_1[[#This Row],[Bo''lim]],Bolimlar!A:A,Bolimlar!B:B,"Topilmadi") -> Shahlo Ismoilova | V80: =IF(P80="Ha",1,0) -> 0 | W80: =IF(T80<1,"1 yildan kam",IF(T80<3,"1-3 yil","3 yildan ko'p")) -> 3 yildan ko'p
A81: EMP-0250 | B81: Zilola Hasanova | C81: Ayol | D81: 33678 | E81: 43002 | F81: MIJOZLAR XIZMATI | G81: Call-markaz operatori | H81: Senior | I81: Andijon | J81: 12660000 | K81: 4 | L81: 3 | M81: 2 | N81: Masofaviy | O81: Bakalavr | P81: Yo'q | S81: =DATEDIF(D81,DATE(2026,9,30),"Y") -> 34 | T81: =(IF(Q81="",DATE(2026,9,30),Q81)-E81)/365.25 -> 9.0157426 | U81: =_xlfn.XLOOKUP(Table1_1[[#This Row],[Bo''lim]],Bolimlar!A:A,Bolimlar!B:B,"Topilmadi") -> Shahlo Ismoilova | V81: =IF(P81="Ha",1,0) -> 0 | W81: =IF(T81<1,"1 yildan kam",IF(T81<3,"1-3 yil","3 yildan ko'p")) -> 3 yildan ko'p
A82: EMP-0638 | B82: Rustam Ismoilov | C82: Erkak | D82: 32972 | E82: 43042 | F82: MOLIYA | G82: Kassir | H82: Senior | I82: Toshkent | J82: 12660000 | K82: 3 | L82: 5 | M82: 20 | N82: Masofaviy | O82: O'rta maxsus | P82: Ha | Q82: 45700 | R82: Maosh past | S82: =DATEDIF(D82,DATE(2026,9,30),"Y") -> 36 | T82: =(IF(Q82="",DATE(2026,9,30),Q82)-E82)/365.25 -> 7.2772074 | U82: =_xlfn.XLOOKUP(Table1_1[[#This Row],[Bo''lim]],Bolimlar!A:A,Bolimlar!B:B,"Topilmadi") -> Madina Abdullayeva | V82: =IF(P82="Ha",1,0) -> 1 | W82: =IF(T82<1,"1 yildan kam",IF(T82<3,"1-3 yil","3 yildan ko'p")) -> 3 yildan ko'p
A83: EMP-0793 | B83: Otabek Hasanov | C83: Erkak | D83: 33433 | E83: 43997 | F83: SOTUV | G83: Hudud menejeri | H83: Senior | I83: Buxoro | J83: 12660000 | K83: 2 | L83: 3 | M83: 14 | N83: Ofis | O83: Bakalavr | P83: Yo'q | S83: =DATEDIF(D83,DATE(2026,9,30),"Y") -> 35 | T83: =(IF(Q83="",DATE(2026,9,30),Q83)-E83)/365.25 -> 6.2915811 | U83: =_xlfn.XLOOKUP(Table1_1[[#This Row],[Bo''lim]],Bolimlar!A:A,Bolimlar!B:B,"Topilmadi") -> Aziz Karimov | V83: =IF(P83="Ha",1,0) -> 0 | W83: =IF(T83<1,"1 yildan kam",IF(T83<3,"1-3 yil","3 yildan ko'p")) -> 3 yildan ko'p
A84: EMP-0573 | B84: Malika Mirzayeva | C84: Ayol | D84: 35434 | E84: 44974 | F84: SOTUV | G84: Savdo vakili | H84: Senior | I84: Toshkent | J84: 12650000 | K84: 1 | L84: 2 | M84: 2 | N84: Ofis | O84: Bakalavr | P84: Yo'q | S84: =DATEDIF(D84,DATE(2026,9,30),"Y") -> 29 | T84: =(IF(Q84="",DATE(2026,9,30),Q84)-E84)/365.25 -> 3.6167009 | U84: =_xlfn.XLOOKUP(Table1_1[[#This Row],[Bo''lim]],Bolimlar!A:A,Bolimlar!B:B,"Topilmadi") -> Aziz Karimov | V84: =IF(P84="Ha",1,0) -> 0 | W84: =IF(T84<1,"1 yildan kam",IF(T84<3,"1-3 yil","3 yildan ko'p")) -> 3 yildan ko'p
A85: EMP-0135 | B85: Akmal Qodirov | C85: Erkak | D85: 36394 | E85: 45578 | F85: SOTUV | G85: Hudud menejeri | H85: Senior | I85: Namangan | J85: 12640000 | K85: 5 | L85: 3 | M85: 17 | N85: Gibrid | O85: O'rta maxsus | P85: Yo'q | S85: =DATEDIF(D85,DATE(2026,9,30),"Y") -> 27 | T85: =(IF(Q85="",DATE(2026,9,30),Q85)-E85)/365.25 -> 1.963039 | U85: =_xlfn.XLOOKUP(Table1_1[[#This Row],[Bo''lim]],Bolimlar!A:A,Bolimlar!B:B,"Topilmadi") -> Aziz Karimov | V85: =IF(P85="Ha",1,0) -> 0 | W85: =IF(T85<1,"1 yildan kam",IF(T85<3,"1-3 yil","3 yildan ko'p")) -> 1-3 yil
A86: EMP-0177 | B86: Shahlo Sobirova | C86: Ayol | D86: 37084 | E86: 45234 | F86: LOGISTIKA | G86: Ombor mudiri | H86: Senior | I86: Andijon | J86: 12560000 | K86: 4 | L86: 1 | M86: 8 | N86: Gibrid | O86: Bakalavr | P86: Yo'q | S86: =DATEDIF(D86,DATE(2026,9,30),"Y") -> 25 | T86: =(IF(Q86="",DATE(2026,9,30),Q86)-E86)/365.25 -> 2.9048597 | U86: =_xlfn.XLOOKUP(Table1_1[[#This Row],[Bo''lim]],Bolimlar!A:A,Bolimlar!B:B,"Topilmadi") -> Sardor Nazarov | V86: =IF(P86="Ha",1,0) -> 0 | W86: =IF(T86<1,"1 yildan kam",IF(T86<3,"1-3 yil","3 yildan ko'p")) -> 1-3 yil
A87: EMP-0665 | B87: Mohira Sobirova | C87: Ayol | D87: 34225 | E87: 44972 | F87: MIJOZLAR XIZMATI | G87: Mijozlar bilan ishlash mutaxassisi | H87: Senior | I87: Toshkent | J87: 12540000 | K87: 1 | L87: 4 | M87: 27 | N87: Gibrid | O87: Magistr | P87: Yo'q | S87: =DATEDIF(D87,DATE(2026,9,30),"Y") -> 33 | T87: =(IF(Q87="",DATE(2026,9,30),Q87)-E87)/365.25 -> 3.6221766 | U87: =_xlfn.XLOOKUP(Table1_1[[#This Row],[Bo''lim]],Bolimlar!A:A,Bolimlar!B:B,"Topilmadi") -> Shahlo Ismoilova | V87: =IF(P87="Ha",1,0) -> 0 | W87: =IF(T87<1,"1 yildan kam",IF(T87<3,"1-3 yil","3 yildan ko'p")) -> 3 yildan ko'p
A88: EMP-0260 | B88: Timur Ismoilov | C88: Erkak | D88: 36481 | E88: 46171 | F88: SOTUV | G88: Savdo vakili | H88: Senior | I88: Namangan | J88: 12510000 | K88: 4 | L88: 3 | M88: 17 | N88: Gibrid | O88: O'rta maxsus | P88: Ha | Q88: 46289 | R88: Maosh past | S88: =DATEDIF(D88,DATE(2026,9,30),"Y") -> 26 | T88: =(IF(Q88="",DATE(2026,9,30),Q88)-E88)/365.25 -> 0.32306639 | U88: =_xlfn.XLOOKUP(Table1_1[[#This Row],[Bo''lim]],Bolimlar!A:A,Bolimlar!B:B,"Topilmadi") -> Aziz Karimov | V88: =IF(P88="Ha",1,0) -> 1 | W88: =IF(T88<1,"1 yildan kam",IF(T88<3,"1-3 yil","3 yildan ko'p")) -> 1 yildan kam
A89: EMP-0341 | B89: Dilnoza Umarova | C89: Ayol | D89: 31980 | E89: 45018 | F89: IT | G89: Tizim administratori | H89: Middle | I89: Toshkent | J89: 12480000 | K89: 3 | L89: 4 | M89: 35 | N89: Ofis | O89: O'rta maxsus | P89: Yo'q | S89: =DATEDIF(D89,DATE(2026,9,30),"Y") -> 39 | T89: =(IF(Q89="",DATE(2026,9,30),Q89)-E89)/365.25 -> 3.4962355 | U89: =_xlfn.XLOOKUP(Table1_1[[#This Row],[Bo''lim]],Bolimlar!A:A,Bolimlar!B:B,"Topilmadi") -> Jasur Yusupov | V89: =IF(P89="Ha",1,0) -> 0 | W89: =IF(T89<1,"1 yildan kam",IF(T89<3,"1-3 yil","3 yildan ko'p")) -> 3 yildan ko'p
A90: EMP-0175 | B90: Gulnora Ismoilova | C90: Ayol | D90: 35502 | E90: 46048 | F90: LOGISTIKA | G90: Ombor mudiri | H90: Senior | I90: Qarshi | J90: 12430000 | K90: 3 | L90: 3 | M90: 25 | N90: Gibrid | O90: Bakalavr | P90: Yo'q | S90: =DATEDIF(D90,DATE(2026,9,30),"Y") -> 29 | T90: =(IF(Q90="",DATE(2026,9,30),Q90)-E90)/365.25 -> 0.67624914 | U90: =_xlfn.XLOOKUP(Table1_1[[#This Row],[Bo''lim]],Bolimlar!A:A,Bolimlar!B:B,"Topilmadi") -> Sardor Nazarov | V90: =IF(P90="Ha",1,0) -> 0 | W90: =IF(T90<1,"1 yildan kam",IF(T90<3,"1-3 yil","3 yildan ko'p")) -> 1 yildan kam
A91: EMP-0673 | B91: Ulugbek Rahimov | C91: Erkak | D91: 35917 | E91: 45492 | F91: MARKETING | G91: Marketolog | H91: Senior | I91: Samarqand | J91: 12430000 | K91: 3 | L91: 3 | M91: 13 | N91: Ofis | O91: Bakalavr | P91: Ha | Q91: 45818 | R91: Maosh past | S91: =DATEDIF(D91,DATE(2026,9,30),"Y") -> 28 | T91: =(IF(Q91="",DATE(2026,9,30),Q91)-E91)/365.25 -> 0.89253936 | U91: =_xlfn.XLOOKUP(Table1_1[[#This Row],[Bo''lim]],Bolimlar!A:A,Bolimlar!B:B,"Topilmadi") -> Dilnoza Rahimova | V91: =IF(P91="Ha",1,0) -> 1 | W91: =IF(T91<1,"1 yildan kam",IF(T91<3,"1-3 yil","3 yildan ko'p")) -> 1 yildan kam
A92: EMP-0247 | B92: Dilshod Abdullayev | C92: Erkak | D92: 35303 | E92: 45948 | F92: IT | G92: QA muhandisi | H92: Middle | I92: Namangan | J92: 12390000 | K92: 3 | L92: 5 | M92: 13 | N92: Ofis | O92: O'rta maxsus | P92: Ha | Q92: 46061 | R92: Boshqa shaharga ko'chdi | S92: =DATEDIF(D92,DATE(2026,9,30),"Y") -> 30 | T92: =(IF(Q92="",DATE(2026,9,30),Q92)-E92)/365.25 -> 0.30937714 | U92: =_xlfn.XLOOKUP(Table1_1[[#This Row],[Bo''lim]],Bolimlar!A:A,Bolimlar!B:B,"Topilmadi") -> Jasur Yusupov | V92: =IF(P92="Ha",1,0) -> 1 | W92: =IF(T92<1,"1 yildan kam",IF(T92<3,"1-3 yil","3 yildan ko'p")) -> 1 yildan kam
A93: EMP-0277 | B93: Aziza Sobirova | C93: Ayol | D93: 34684 | E93: 45380 | F93: IT | G93: QA muhandisi | H93: Middle | I93: Toshkent | J93: 12370000 | K93: 4 | L93: 2 | M93: 11 | N93: Gibrid | O93: Bakalavr | P93: Yo'q | S93: =DATEDIF(D93,DATE(2026,9,30),"Y") -> 31 | T93: =(IF(Q93="",DATE(2026,9,30),Q93)-E93)/365.25 -> 2.5051335 | U93: =_xlfn.XLOOKUP(Table1_1[[#This Row],[Bo''lim]],Bolimlar!A:A,Bolimlar!B:B,"Topilmadi") -> Jasur Yusupov | V93: =IF(P93="Ha",1,0) -> 0 | W93: =IF(T93<1,"1 yildan kam",IF(T93<3,"1-3 yil","3 yildan ko'p")) -> 1-3 yil
A94: EMP-0524 | B94: Ulugbek Karimov | C94: Erkak | D94: 34982 | E94: 44485 | F94: IT | G94: Dasturchi | H94: Middle | I94: Toshkent | J94: 12340000 | K94: 5 | L94: 2 | M94: 21 | N94: Ofis | O94: Bakalavr | P94: Yo'q | S94: =DATEDIF(D94,DATE(2026,9,30),"Y") -> 30 | T94: =(IF(Q94="",DATE(2026,9,30),Q94)-E94)/365.25 -> 4.9555099 | U94: =_xlfn.XLOOKUP(Table1_1[[#This Row],[Bo''lim]],Bolimlar!A:A,Bolimlar!B:B,"Topilmadi") -> Jasur Yusupov | V94: =IF(P94="Ha",1,0) -> 0 | W94: =IF(T94<1,"1 yildan kam",IF(T94<3,"1-3 yil","3 yildan ko'p")) -> 3 yildan ko'p
A95: EMP-0274 | B95: Sherzod Sobirov | C95: Erkak | D95: 31063 | E95: 45919 | F95: MIJOZLAR XIZMATI | G95: Mijozlar bilan ishlash mutaxassisi | H95: Senior | I95: Qarshi | J95: 12310000 | K95: 4 | L95: 3 | M95: 5 | N95: Ofis | O95: Bakalavr | P95: Yo'q | S95: =DATEDIF(D95,DATE(2026,9,30),"Y") -> 41 | T95: =(IF(Q95="",DATE(2026,9,30),Q95)-E95)/365.25 -> 1.0294319 | U95: =_xlfn.XLOOKUP(Table1_1[[#This Row],[Bo''lim]],Bolimlar!A:A,Bolimlar!B:B,"Topilmadi") -> Shahlo Ismoilova | V95: =IF(P95="Ha",1,0) -> 0 | W95: =IF(T95<1,"1 yildan kam",IF(T95<3,"1-3 yil","3 yildan ko'p")) -> 1-3 yil
A96: EMP-0005 | B96: Sherzod Qodirov | C96: Erkak | D96: 34691 | E96: 45792 | F96: MARKETING | G96: Kontent menejer | H96: Senior | I96: Toshkent | J96: 12290000 | K96: 3 | L96: 4 | M96: 8 | N96: Ofis | O96: O'rta maxsus | P96: Yo'q | S96: =DATEDIF(D96,DATE(2026,9,30),"Y") -> 31 | T96: =(IF(Q96="",DATE(2026,9,30),Q96)-E96)/365.25 -> 1.3771389 | U96: =_xlfn.XLOOKUP(Table1_1[[#This Row],[Bo''lim]],Bolimlar!A:A,Bolimlar!B:B,"Topilmadi") -> Dilnoza Rahimova | V96: =IF(P96="Ha",1,0) -> 0 | W96: =IF(T96<1,"1 yildan kam",IF(T96<3,"1-3 yil","3 yildan ko'p")) -> 1-3 yil
A97: EMP-0330 | B97: Doniyor Ergashev | C97: Erkak | D97: 34796 | E97: 44544 | F97: IT | G97: Tizim administratori | H97: Middle | I97: Samarqand | J97: 12260000 | K97: 3 | L97: 3 | M97: 12 | N97: Ofis | O97: Bakalavr | P97: Yo'q | S97: =DATEDIF(D97,DATE(2026,9,30),"Y") -> 31 | T97: =(IF(Q97="",DATE(2026,9,30),Q97)-E97)/365.25 -> 4.7939767 | U97: =_xlfn.XLOOKUP(Table1_1[[#This Row],[Bo''lim]],Bolimlar!A:A,Bolimlar!B:B,"Topilmadi") -> Jasur Yusupov | V97: =IF(P97="Ha",1,0) -> 0 | W97: =IF(T97<1,"1 yildan kam",IF(T97<3,"1-3 yil","3 yildan ko'p")) -> 3 yildan ko'p
A98: EMP-0212 | B98: Jasur Saidov | C98: Erkak | D98: 32679 | E98: 45966 | F98: MIJOZLAR XIZMATI | G98: Mijozlar bilan ishlash mutaxassisi | H98: Senior | I98: Namangan | J98: 12200000 | K98: 2 | L98: 4 | M98: 6 | N98: Gibrid | O98: O'rta maxsus | P98: Yo'q | S98: =DATEDIF(D98,DATE(2026,9,30),"Y") -> 37 | T98: =(IF(Q98="",DATE(2026,9,30),Q98)-E98)/365.25 -> 0.90075291 | U98: =_xlfn.XLOOKUP(Table1_1[[#This Row],[Bo''lim]],Bolimlar!A:A,Bolimlar!B:B,"Topilmadi") -> Shahlo Ismoilova | V98: =IF(P98="Ha",1,0) -> 0 | W98: =IF(T98<1,"1 yildan kam",IF(T98<3,"1-3 yil","3 yildan ko'p")) -> 1 yildan kam
A99: EMP-0049 | B99: Jahongir Ismoilov | C99: Erkak | D99: 33865 | E99: 46233 | F99: MARKETING | G99: SMM mutaxassisi | H99: Senior | I99: Toshkent | J99: 12170000 | K99: 2 | L99: 2 | M99: 13 | N99: Ofis | O99: O'rta maxsus | P99: Yo'q | S99: =DATEDIF(D99,DATE(2026,9,30),"Y") -> 34 | T99: =(IF(Q99="",DATE(2026,9,30),Q99)-E99)/365.25 -> 0.16974675 | U99: =_xlfn.XLOOKUP(Table1_1[[#This Row],[Bo''lim]],Bolimlar!A:A,Bolimlar!B:B,"Topilmadi") -> Dilnoza Rahimova | V99: =IF(P99="Ha",1,0) -> 0 | W99: =IF(T99<1,"1 yildan kam",IF(T99<3,"1-3 yil","3 yildan ko'p")) -> 1 yildan kam
A100: EMP-0594 | B100: Akmal Hasanov | C100: Erkak | D100: 36529 | E100: 45428 | F100: IT | G100: Dasturchi | H100: Middle | I100: Toshkent | J100: 12160000 | K100: 3 | L100: 3 | M100: 4 | N100: Gibrid | O100: Bakalavr | P100: Yo'q | S100: =DATEDIF(D100,DATE(2026,9,30),"Y") -> 26 | T100: =(IF(Q100="",DATE(2026,9,30),Q100)-E100)/365.25 -> 2.3737166 | U100: =_xlfn.XLOOKUP(Table1_1[[#This Row],[Bo''lim]],Bolimlar!A:A,Bolimlar!B:B,"Topilmadi") -> Jasur Yusupov | V100: =IF(P100="Ha",1,0) -> 0 | W100: =IF(T100<1,"1 yildan kam",IF(T100<3,"1-3 yil","3 yildan ko'p")) -> 1-3 yil
A101: EMP-0626 | B101: Feruza Hasanova | C101: Ayol | D101: 37719 | E101: 45878 | F101: SOTUV | G101: Hudud menejeri | H101: Senior | I101: Toshkent | J101: 12160000 | K101: 3 | L101: 2 | M101: 1 | N101: Gibrid | O101: Bakalavr | P101: Yo'q | S101: =DATEDIF(D101,DATE(2026,9,30),"Y") -> 23 | T101: =(IF(Q101="",DATE(2026,9,30),Q101)-E101)/365.25 -> 1.1416838 | U101: =_xlfn.XLOOKUP(Table1_1[[#This Row],[Bo''lim]],Bolimlar!A:A,Bolimlar!B:B,"Topilmadi") -> Aziz Karimov | V101: =IF(P101="Ha",1,0) -> 0 | W101: =IF(T101<1,"1 yildan kam",IF(T101<3,"1-3 yil","3 yildan ko'p")) -> 1-3 yil
A102: EMP-0508 | B102: Sevara Rahimova | C102: Ayol | D102: 34044 | E102: 45998 | F102: IT | G102: Tizim administratori | H102: Middle | I102: Toshkent | J102: 12090000 | K102: 4 | L102: 3 | M102: 24 | N102: Ofis | O102: Bakalavr | P102: Yo'q | S102: =DATEDIF(D102,DATE(2026,9,30),"Y") -> 33 | T102: =(IF(Q102="",DATE(2026,9,30),Q102)-E102)/365.25 -> 0.81314168 | U102: =_xlfn.XLOOKUP(Table1_1[[#This Row],[Bo''lim]],Bolimlar!A:A,Bolimlar!B:B,"Topilmadi") -> Jasur Yusupov | V102: =IF(P102="Ha",1,0) -> 0 | W102: =IF(T102<1,"1 yildan kam",IF(T102<3,"1-3 yil","3 yildan ko'p")) -> 1 yildan kam
A103: EMP-0549 | B103: Gulnora Abdullayeva | C103: Ayol | D103: 30133 | E103: 45001 | F103: SOTUV | G103: Savdo vakili | H103: Senior | I103: Farg'ona | J103: 12080000 | K103: 4 | L103: 1 | M103: 21 | N103: Ofis | O103: O'rta maxsus | P103: Ha | Q103: 45816 | R103: Rahbar bilan muammo | S103: =DATEDIF(D103,DATE(2026,9,30),"Y") -> 44 | T103: =(IF(Q103="",DATE(2026,9,30),Q103)-E103)/365.25 -> 2.2313484 | U103: =_xlfn.XLOOKUP(Table1_1[[#This Row],[Bo''lim]],Bolimlar!A:A,Bolimlar!B:B,"Topilmadi") -> Aziz Karimov | V103: =IF(P103="Ha",1,0) -> 1 | W103: =IF(T103<1,"1 yildan kam",IF(T103<3,"1-3 yil","3 yildan ko'p")) -> 1-3 yil
A104: EMP-0633 | B104: Sherzod Umarov | C104: Erkak | D104: 37168 | E104: 45671 | F104: IT | G104: QA muhandisi | H104: Middle | I104: Toshkent | J104: 12030000 | K104: 3 | L104: 5 | M104: 0 | N104: Ofis | O104: Bakalavr | P104: Yo'q | S104: =DATEDIF(D104,DATE(2026,9,30),"Y") -> 24 | T104: =(IF(Q104="",DATE(2026,9,30),Q104)-E104)/365.25 -> 1.7084189 | U104: =_xlfn.XLOOKUP(Table1_1[[#This Row],[Bo''lim]],Bolimlar!A:A,Bolimlar!B:B,"Topilmadi") -> Jasur Yusupov | V104: =IF(P104="Ha",1,0) -> 0 | W104: =IF(T104<1,"1 yildan kam",IF(T104<3,"1-3 yil","3 yildan ko'p")) -> 1-3 yil
A105: EMP-0716 | B105: Behruz Nazarov | C105: Erkak | D105: 34366 | E105: 45484 | F105: MARKETING | G105: SMM mutaxassisi | H105: Senior | I105: Toshkent | J105: 12000000 | K105: 4 | L105: 4 | M105: 19 | N105: Ofis | O105: O'rta maxsus | P105: Yo'q | S105: =DATEDIF(D105,DATE(2026,9,30),"Y") -> 32 | T105: =(IF(Q105="",DATE(2026,9,30),Q105)-E105)/365.25 -> 2.220397 | U105: =_xlfn.XLOOKUP(Table1_1[[#This Row],[Bo''lim]],Bolimlar!A:A,Bolimlar!B:B,"Topilmadi") -> Dilnoza Rahimova | V105: =IF(P105="Ha",1,0) -> 0 | W105: =IF(T105<1,"1 yildan kam",IF(T105<3,"1-3 yil","3 yildan ko'p")) -> 1-3 yil
...

Sheet HR_Raw
A1: Xodim_ID | B1: Ism_familiya | C1: Jins | D1: Tug'ilgan_sana | E1: Ishga_kirgan_sana | F1: Bo'lim | G1: Lavozim | H1: Daraja | I1: Shahar | J1: Oylik (so'm) | K1: Samaradorlik_bahosi (1-5) | L1: Mamnunlik_bahosi (1-5) | M1: Qo'shimcha_ish_soati (oyiga) | N1: Ish_formati | O1: Ta'lim | P1: Ishdan_ketgan | Q1: Ketgan_sana | R1: Ketish_sababi
A2: EMP-0001 | B2: Nodira Ismoilova | C2: Ayol | D2: 34946 | E2: 43842 | F2: IT | G2: Dasturchi | H2: Senior | I2: Toshkent | J2: 14720000 | K2: 3 | L2: 2 | M2: 8 | N2: Gibrid | O2: Bakalavr | P2: Ha | Q2: 46237 | R2: Maosh past
A3: EMP-0002 | B3: Timur Karimov | C3: Erkak | D3: 33307 | E3: 44108 | F3: IT | G3: QA muhandisi | H3: Junior | I3: Samarqand | J3: 6490000 | K3: 3 | L3: 4 | M3: 11 | N3: Gibrid | O3: O'rta maxsus | P3: Yo'q
A4: EMP-0003 | B4: Rustam Qodirov | C4: Erkak | D4: 35596 | E4: 44356 | F4: HR | G4: Rekruter | H4: Junior | I4: Toshkent | J4: 3190000 | K4: 4 | L4: 2 | M4: 2 | N4: Ofis | O4: Bakalavr | P4: Yo'q
A5: EMP-0004 | B5: Bobur Saidov | C5: Erkak | D5: 38062 | E5: 45998 | F5: IT | G5: QA muhandisi | H5: Junior | I5: Farg'ona | J5: 6410000 | K5: 4 | L5: 3 | M5: 20 | N5: Ofis | O5: O'rta maxsus | P5: Yo'q
A6: EMP-0005 | B6: Sherzod Qodirov | C6: Erkak | D6: 34691 | E6: 45792 | F6: Marketing | G6: Kontent menejer | H6: Senior | I6: Toshkent | J6: 12290000 | K6: 3 | L6: 4 | M6: 8 | N6: Ofis | O6: O'rta maxsus | P6: Yo'q
A7: EMP-0006 | B7: Rustam Normatov | C7: Erkak | D7: 35259 | E7: 44851 | F7: Mijozlar xizmati | G7: Mijozlar bilan ishlash mutaxassisi | H7: Junior | I7: Toshkent | J7: 3280000 | K7: 5 | L7: 4 | M7: 35 | N7: Ofis | O7: Magistr | P7: Yo'q
A8: EMP-0007 | B8: Otabek Rahimov | C8: Erkak | D8: 33329 | E8: 43997 | F8: Moliya | G8: Kassir | H8: Junior | I8: Farg'ona | J8: 3620000 | K8: 3 | L8: 4 | M8: 18 | N8: Ofis | O8: Magistr | P8: Yo'q
A9: EMP-0008 | B9: Doniyor Umarov | C9: Erkak | D9: 30281 | E9: 43097 | F9: Moliya | G9: Moliyaviy tahlilchi | H9: Junior | I9: Toshkent | J9: 4700000 | K9: 2 | L9: 1 | M9: 0 | N9: Ofis | O9: Bakalavr | P9: Ha | Q9: 46006 | R9: Rahbar bilan muammo
A10: EMP-0009 | B10: Behruz Mirzayev | C10: Erkak | D10: 29141 | E10: 45147 | F10: Sotuv | G10: Savdo vakili | H10: Senior | I10: Toshkent | J10: 12840000 | L10: 3 | M10: 22 | N10: Ofis | O10: Bakalavr | P10: Yo'q
A11: EMP-0010 | B11: Feruza Sobirova | C11: Ayol | D11: 35537 | E11: 43229 | F11: IT | G11: QA muhandisi | H11: Middle | I11: Toshkent | J11: 10290000 | K11: 5 | L11: 5 | M11: 0 | N11: Gibrid | O11: O'rta maxsus | P11: Yo'q
A12: EMP-0011 | B12: Ulugbek Hasanov | C12: Erkak | D12: 33354 | E12: 43753 | F12: Sotuv | G12: Savdo vakili | H12: Middle | I12: Toshkent | J12: 7310000 | K12: 3 | L12: 1 | M12: 30 | N12: Gibrid | O12: Bakalavr | P12: Yo'q
A13: EMP-0012 | B13: Feruza Normatova | C13: Ayol | D13: 27183 | E13: 44226 | F13: Sotuv | G13: Sotuv menejeri | H13: Middle | I13: Farg'ona | J13: 7190000 | K13: 5 | L13: 4 | M13: 0 | N13: Ofis | O13: O'rta maxsus | P13: Yo'q
A14: EMP-0013 | B14: Timur Normatov | C14: Erkak | D14: 34772 | E14: 46128 | F14: Mijozlar xizmati | G14: Mijozlar bilan ishlash mutaxassisi | H14: Junior | I14: Samarqand | J14: 3550000 | K14: 3 | L14: 4 | M14: 6 | N14: Gibrid | O14: Bakalavr | P14: Ha | Q14: 46204 | R14: Maosh past
A15: EMP-0014 | B15: Islom Hasanov | C15: Erkak | D15: 33121 | E15: 44904 | F15: sotuv | G15: Hudud menejeri | H15: Middle | I15: Samarqand | J15: 8770000 | K15: 3 | L15: 5 | M15: 12 | N15: Ofis | O15: Bakalavr | P15: Yo'q
A16: EMP-0015 | B16: Malika Saidova | C16: Ayol | D16: 35776 | E16: 46025 | F16: Mijozlar xizmati | G16: Mijozlar bilan ishlash mutaxassisi | H16: Senior | I16: Andijon | J16: 8630000 | K16: 2 | L16: 3 | M16: 21 | N16: Gibrid | O16: O'rta maxsus | P16: Yo'q
A17: EMP-0016 | B17: Islom Mirzayev | C17: Erkak | D17: 34872 | E17: 45688 | F17: Moliya | G17: Kassir | H17: Middle | I17: Andijon | J17: 9450000 | K17: 2 | L17: 2 | M17: 0 | N17: Ofis | O17: Magistr | P17: Ha | Q17: 46211 | R17: Rahbar bilan muammo
A18: EMP-0017 | B18: Zilola Mirzayeva | C18: Ayol | D18: 30795 | E18: 44740 | F18: Marketing | G18: Kontent menejer | H18: Middle | I18: Samarqand | J18: 9240000 | K18: 4 | L18: 5 | M18: 9 | N18: Masofaviy | O18: Magistr | P18: Yo'q
A19: EMP-0018 | B19: Nodira Ismoilova | C19: Ayol | D19: 32195 | E19: 44085 | F19: Marketing | G19: Marketolog | H19: Junior | I19: Toshkent | J19: 3410000 | K19: 4 | L19: 5 | M19: 19 | N19: Gibrid | O19: O'rta maxsus | P19: Yo'q
A20: EMP-0019 | B20: Shahlo Ergasheva | C20: Ayol | D20: 31995 | E20: 44577 | F20: Mijozlar xizmati | G20: Call-markaz operatori | H20: Junior | I20: Toshkent | J20: 3220000 | K20: 3 | L20: 2 | M20: 14 | N20: Ofis | O20: O'rta maxsus | P20: Ha | Q20: 46004 | R20: Rahbar bilan muammo
A21: EMP-0020 | B21: Nigora Mirzayeva | C21: Ayol | D21: 36217 | E21: 44775 | F21: Sotuv | G21: Sotuv menejeri | H21: Junior | I21: Namangan | J21: 4810000 | K21: 3 | L21: 4 | M21: 42 | N21: Gibrid | O21: Bakalavr | P21: Yo'q
A22: EMP-0021 | B22: Mohira Nazarova | C22: Ayol | D22: 33578 | E22: 42372 | F22: IT | G22: Dasturchi | H22: Junior | I22: Toshkent | J22: 4450000 | K22: 3 | L22: 4 | M22: 13 | N22: Ofis | O22: O'rta maxsus | P22: Yo'q
A23: EMP-0022 | B23: Malika Mirzayeva | C23: Ayol | D23: 32237 | E23: 43635 | F23: Mijozlar xizmati | G23: Mijozlar bilan ishlash mutaxassisi | H23: Junior | I23: Toshkent | J23: 2900000 | K23: 3 | L23: 4 | M23: 24 | N23: Ofis | O23: Bakalavr | P23: Yo'q
A24: EMP-0023 | B24: Dilnoza Karimova | C24: Ayol | D24: 31154 | E24: 45783 | F24: IT | G24: Tizim administratori | H24: Junior | I24: Buxoro | J24: 5410000 | K24: 3 | L24: 4 | M24: 13 | N24: Ofis | O24: Magistr | P24: Yo'q
A25: EMP-0024 | B25: Shahlo Sobirova | C25: Ayol | D25: 31119 | E25: 42337 | F25: Mijozlar xizmati | G25: Call-markaz operatori | H25: Senior | I25: Namangan | J25: 11000000 | K25: 5 | L25: 3 | M25: 1 | N25: Ofis | O25: Bakalavr | P25: Yo'q
A26: EMP-0025 | B26: Sevara Abdullayeva | C26: Ayol | D26: 34399 | E26: 46166 | F26: Marketing | G26: Marketolog | H26: Junior | I26: Toshkent | J26: 5190000 | K26: 4 | L26: 2 | M26: 9 | N26: Masofaviy | O26: O'rta maxsus | P26: Yo'q
A27: EMP-0026 | B27: Madina Qodirova | C27: Ayol | D27: 34806 | E27: 43085 | F27: Mijozlar xizmati | G27: Call-markaz operatori | H27: Junior | I27: Toshkent | J27: 3040000 | K27: 2 | L27: 1 | M27: 30 | N27: Gibrid | O27: Magistr | P27: Ha | Q27: 46199 | R27: Ish yuklamasi ko'p
A28: EMP-0027 | B28: Dilfuza Nazarova | C28: Ayol | D28: 34843 | E28: 45843 | F28: Logistika | G28: Logist | H28: Junior | I28: Samarqand | J28: 4310000 | K28: 4 | L28: 4 | M28: 8 | N28: Ofis | O28: Bakalavr | P28: Yo'q
A29: EMP-0028 | B29: Jahongir Rahimov | C29: Erkak | D29: 33028 | E29: 45226 | F29: IT | G29: Tizim administratori | H29: Middle | I29: Andijon | J29: 10770000 | K29: 4 | L29: 3 | M29: 13 | N29: Ofis | O29: Bakalavr | P29: Yo'q
A30: EMP-0029 | B30: Sardor Ergashev | C30: Erkak | D30: 34393 | E30: 43772 | F30: Marketing | G30: Kontent menejer | H30: Middle | I30: Toshkent | J30: 8160000 | K30: 3 | L30: 4 | M30: 4 | N30: Ofis | O30: O'rta maxsus | P30: Yo'q
A31: EMP-0030 | B31: Sardor Mirzayev | C31: Erkak | D31: 33230 | E31: 44755 | F31: Marketing | G31: Kontent menejer | H31: Junior | I31: Andijon | J31: 4170000 | K31: 5 | L31: 2 | M31: 18 | N31: Ofis | O31: Bakalavr | P31: Yo'q
A32: EMP-0031 | B32: Feruza Normatova | C32: Ayol | D32: 30416 | E32: 44674 | F32: Mijozlar xizmati | G32: Mijozlar bilan ishlash mutaxassisi | H32: Junior | I32: Namangan | J32: 3710000 | K32: 5 | L32: 3 | M32: 30 | N32: Ofis | O32: O'rta maxsus | P32: Yo'q
A33: EMP-0032 | B33: Otabek Ergashev | C33: Erkak | D33: 38796 | E33: 46232 | F33: Mijozlar xizmati | G33: Mijozlar bilan ishlash mutaxassisi | H33: Senior | I33: Buxoro | J33: 9110000 | K33: 5 | L33: 3 | M33: 8 | N33: Ofis | O33: Bakalavr | P33: Yo'q
A34: EMP-0033 | B34: Shaxzod Nazarov | C34: Erkak | D34: 35217 | E34: 43567 | F34: Marketing | G34: SMM mutaxassisi | H34: Senior | I34: Toshkent | J34: 16340000 | K34: 4 | L34: 5 | M34: 15 | N34: Ofis | P34: Yo'q
A35: EMP-0034 | B35: Behruz Umarov | C35: Erkak | D35: 36169 | E35: 46155 | F35: Sotuv | G35: Hudud menejeri | H35: Junior | I35: Toshkent | J35: 3500000 | K35: 3 | L35: 3 | M35: 18 | N35: Gibrid | O35: O'rta maxsus | P35: Yo'q
A36: EMP-0035 | B36: Nigora Saidova | C36: Ayol | D36: 34317 | E36: 44016 | F36: IT | G36: Dasturchi | H36: Middle | I36: Toshkent | J36: 7940000 | K36: 5 | L36: 2 | M36: 15 | N36: Ofis | O36: Bakalavr | P36: Yo'q
A37: EMP-0036 | B37: Gulnora Hasanova | C37: Ayol | D37: 34286 | E37: 43664 | F37: Sotuv | G37: Hudud menejeri | H37: Junior | I37: Toshkent | J37: 4810000 | K37: 3 | L37: 2 | M37: 28 | N37: Masofaviy | O37: O'rta maxsus | P37: Yo'q
A38: EMP-0037 | B38: Dilshod Nazarov | C38: Erkak | D38: 36320 | E38: 45845 | F38: Mijozlar xizmati | G38: Call-markaz operatori | H38: Senior | I38: Toshkent | J38: 9980000 | K38: 3 | L38: 3 | M38: 14 | N38: Ofis | O38: Bakalavr | P38: Yo'q
A39: EMP-0038 | B39: Nodira Hasanova | C39: Ayol | D39: 37714 | E39: 45976 | F39: Marketing | G39: Marketolog | H39: Junior | I39: Toshkent | J39: 4060000 | K39: 3 | L39: 4 | M39: 11 | N39: Masofaviy | O39: Bakalavr | P39: Yo'q
A40: EMP-0039 | B40: Sevara Qodirova | C40: Ayol | D40: 32048 | E40: 43132 | F40: IT | G40: Tizim administratori | H40: Junior | I40: Buxoro | J40: 4630000 | K40: 3 | L40: 4 | M40: 12 | N40: Masofaviy | O40: Bakalavr | P40: Yo'q
A41: EMP-0040 | B41: Madina Saidova | C41: Ayol | D41: 34036 | E41: 44089 | F41: Moliya | G41: Buxgalter | H41: Middle | I41: Toshkent | J41: 6540000 | K41: 3 | L41: 4 | M41: 11 | N41: Gibrid | O41: Bakalavr | P41: Yo'q
A42: EMP-0041 | B42: Timur Tursunov | C42: Erkak | D42: 33621 | E42: 44140 | F42: Marketing | G42: SMM mutaxassisi | H42: Junior | I42: Toshkent | J42: 4910000 | K42: 3 | L42: 3 | M42: 25 | N42: Ofis | O42: O'rta maxsus | P42: Ha | Q42: 46079 | R42: Shaxsiy sabab
A43: EMP-0042 | B43: Kamola Hasanova | C43: Ayol | D43: 36113 | E43: 45707 | F43: Mijozlar xizmati | G43: Call-markaz operatori | H43: Middle | I43: Samarqand | J43: 6410000 | K43: 3 | L43: 3 | M43: 15 | N43: Gibrid | O43: O'rta maxsus | P43: Yo'q
A44: EMP-0043 | B44: Akmal Normatov | C44: Erkak | D44: 33337 | E44: 45213 | F44: Logistika | G44: Ombor mudiri | H44: Junior | I44: Namangan | J44: 3800000 | K44: 5 | L44: 3 | M44: 15 | N44: Ofis | O44: O'rta maxsus | P44: Yo'q
A45: EMP-0044 | B45: Otabek Ismoilov | C45: Erkak | D45: 33434 | E45: 46258 | F45: Mijozlar xizmati | G45: Mijozlar bilan ishlash mutaxassisi | H45: Middle | I45: Buxoro | J45: 7010000 | K45: 3 | L45: 2 | M45: 21 | N45: Gibrid | O45: Bakalavr | P45: Yo'q
A46: EMP-0045 | B46: Zilola Qodirova | C46: Ayol | D46: 34092 | E46: 45614 | F46: IT | G46: Dasturchi | H46: Middle | I46: Samarqand | J46: 9560000 | K46: 4 | L46: 3 | M46: 12 | N46: Gibrid | O46: Bakalavr | P46: Ha | Q46: 46158 | R46: Karyera o'sishi yo'q
A47: EMP-0046 | B47: Zilola Ergasheva | C47: Ayol | D47: 33793 | E47: 42573 | F47: Mijozlar xizmati | G47: Mijozlar bilan ishlash mutaxassisi | H47: Junior | I47: Toshkent | J47: 2500000 | K47: 5 | L47: 3 | M47: 11 | N47: Masofaviy | O47: Magistr | P47: Yo'q
A48: EMP-0047 | B48: Sherzod Ergashev | C48: Erkak | D48: 34829 | E48: 45275 | F48: Sotuv | G48: Hudud menejeri | H48: Senior | I48: Andijon | J48: 15660000 | K48: 1 | L48: 2 | M48: 10 | N48: Gibrid | O48: Bakalavr | P48: Yo'q
A49: EMP-0048 | B49: Aziza Qodirova | C49: Ayol | D49: 32168 | E49: 45654 | F49: Mijozlar xizmati | G49: Mijozlar bilan ishlash mutaxassisi | H49: Senior | I49: Samarqand | J49: 10910000 | K49: 3 | L49: 3 | M49: 25 | N49: Gibrid | O49: Bakalavr | P49: Yo'q
A50: EMP-0049 | B50: Jahongir Ismoilov | C50: Erkak | D50: 33865 | E50: 46233 | F50: Marketing | G50: SMM mutaxassisi | H50: Senior | I50: Toshkent | J50: 12170000 | K50: 2 | L50: 2 | M50: 13 | N50: Ofis | O50: O'rta maxsus | P50: Yo'q
A51: EMP-0050 | B51: Feruza Mirzayeva | C51: Ayol | D51: 33144 | E51: 44048 | F51: Mijozlar xizmati | G51: Call-markaz operatori | H51: Middle | I51: Toshkent | J51: 5180000 | K51: 3 | L51: 3 | M51: 11 | N51: Ofis | O51: O'rta maxsus | P51: Yo'q
A52: EMP-0051 | B52: Ulugbek Rahimov | C52: Erkak | D52: 38977 | E52: 46266 | F52: Sotuv | G52: Sotuv menejeri | H52: Middle | I52: Toshkent | J52: 5860000 | K52: 3 | L52: 4 | M52: 37 | N52: Masofaviy | O52: O'rta maxsus | P52: Yo'q
A53: EMP-0052 | B53: Rustam Umarov | C53: Erkak | D53: 31486 | E53: 45128 | F53: HR | G53: HR menejer | H53: Junior | I53: Toshkent | J53: 4030000 | K53: 3 | L53: 3 | M53: 17 | N53: Ofis | O53: Bakalavr | P53: Yo'q
A54: EMP-0053 | B54: Aziz Sobirov | C54: Erkak | D54: 35874 | E54: 45202 | F54: Marketing | G54: Marketolog | H54: Junior | I54: Samarqand | J54: 4170000 | K54: 3 | L54: 4 | M54: 25 | N54: Gibrid | O54: Bakalavr | P54: Yo'q
A55: EMP-0054 | B55: Mohira Tursunova | C55: Ayol | D55: 35929 | E55: 46047 | F55: Mijozlar xizmati | G55: Mijozlar bilan ishlash mutaxassisi | H55: Middle | I55: Toshkent | J55: 5560000 | K55: 1 | L55: 4 | M55: 21 | N55: Gibrid | O55: Magistr | P55: Yo'q
A56: EMP-0055 | B56: Nodira Ismoilova | C56: Ayol | D56: 33523 | E56: 42725 | F56: IT | G56: Dasturchi | H56: Junior | I56: Andijon | J56: 4600000 | K56: 4 | L56: 3 | M56: 14 | N56: Gibrid | O56: O'rta maxsus | P56: Yo'q
A57: EMP-0056 | B57: Malika Yusupova | C57: Ayol | D57: 38761 | E57: 46244 | F57: Moliya | G57: Buxgalter | H57: Junior | I57: Toshkent | J57: 3400000 | K57: 5 | L57: 3 | M57: 8 | N57: Gibrid | O57: Bakalavr | P57: Yo'q
A58: EMP-0057 | B58: Jahongir Mirzayev | C58: Erkak | D58: 38570 | E58: 46136 | F58: Moliya | G58: Buxgalter | H58: Junior | I58: Toshkent | J58: 4140000 | K58: 2 | L58: 2 | M58: 22 | N58: Gibrid | O58: Bakalavr | P58: Yo'q
A59: EMP-0058 | B59: Ulugbek Rahimov | C59: Erkak | D59: 36489 | E59: 44864 | F59: Marketing | G59: SMM mutaxassisi | H59: Junior | I59: Toshkent | J59: 3970000 | K59: 3 | L59: 3 | M59: 19 | N59: Ofis | O59: Bakalavr | P59: Ha | Q59: 46159 | R59: Rahbar bilan muammo
A60: EMP-0059 | B60: Aziza Yusupova | C60: Ayol | D60: 33274 | E60: 44615 | F60: IT | G60: Tizim administratori | H60: Junior | I60: Andijon | J60: 5630000 | K60: 2 | L60: 4 | M60: 2 | N60: Ofis | O60: Bakalavr | P60: Yo'q
A61: EMP-0060 | B61: Timur Hasanov | C61: Erkak | D61: 32924 | E61: 46218 | F61: Logistika | G61: Logist | H61: Junior | I61: Toshkent | J61: 3590000 | K61: 5 | L61: 5 | M61: 12 | N61: Gibrid | P61: Yo'q
A62: EMP-0061 | B62: Nodira Nazarova | C62: Ayol | D62: 32725 | E62: 43915 | F62: Marketing | G62: SMM mutaxassisi | H62: Junior | I62: Namangan | J62: 4210000 | K62: 3 | L62: 1 | M62: 7 | N62: Ofis | O62: O'rta maxsus | P62: Ha | Q62: 45942 | R62: Rahbar bilan muammo
A63: EMP-0062 | B63: Madina Normatova | C63: Ayol | D63: 37800 | E63: 46180 | F63: IT | G63: QA muhandisi | H63: Middle | I63: Toshkent | J63: 8210000 | K63: 5 | L63: 4 | M63: 9 | N63: Ofis | O63: Magistr | P63: Yo'q
A64: EMP-0063 | B64: Behruz Nazarov | C64: Erkak | D64: 34048 | E64: 44869 | F64: Logistika | G64: Logist | H64: Junior | I64: Andijon | J64: 3260000 | K64: 5 | L64: 5 | M64: 11 | N64: Masofaviy | O64: O'rta maxsus | P64: Yo'q
A65: EMP-0064 | B65: Sevara Hasanova | C65: Ayol | D65: 36896 | E65: 44407 | F65: Moliya | G65: Kassir | H65: Middle | I65: Samarqand | J65: 6060000 | K65: 3 | L65: 2 | M65: 16 | N65: Ofis | O65: Bakalavr | P65: Yo'q
A66: EMP-0065 | B66: Behruz Mirzayev | C66: Erkak | D66: 33629 | E66: 42821 | F66: Marketing | G66: Marketolog | H66: Middle | I66: Toshkent | J66: 6310000 | K66: 4 | L66: 3 | M66: 6 | N66: Gibrid | P66: Yo'q
A67: EMP-0066 | B67: Sevara Hasanova | C67: Ayol | D67: 37523 | E67: 45044 | F67: Moliya | G67: Buxgalter | H67: Senior | I67: Toshkent | J67: 14510000 | K67: 3 | L67: 2 | M67: 5 | N67: Ofis | O67: Bakalavr | P67: Yo'q
A68: EMP-0067 | B68: Otabek Ismoilov | C68: Erkak | D68: 33502 | E68: 44112 | F68: Logistika | G68: Haydovchi-ekspeditor | H68: Junior | I68: Toshkent | J68: 3240000 | K68: 2 | L68: 5 | M68: 32 | N68: Gibrid | O68: Bakalavr | P68: Ha | Q68: 46105 | R68: Ish yuklamasi ko'p
A69: EMP-0068 | B69: Nodira Abdullayeva | C69: Ayol | D69: 32449 | E69: 46117 | F69: Sotuv | G69: Hudud menejeri | H69: Senior | I69: Samarqand | J69: 11580000 | K69: 2 | L69: 4 | M69: 21 | N69: Ofis | O69: Bakalavr | P69: Yo'q
A70: EMP-0069 | B70: Sardor Umarov | C70: Erkak | D70: 35912 | E70: 44772 | F70: Logistika | G70: Logist | H70: Middle | I70: Farg'ona | J70: 7720000 | K70: 3 | L70: 2 | M70: 21 | N70: Masofaviy | O70: Bakalavr | P70: Yo'q
A71: EMP-0070 | B71: Aziza Saidova | C71: Ayol | D71: 36000 | E71: 44989 | F71: Sotuv | G71: Savdo vakili | H71: Middle | I71: Toshkent | J71: 7550000 | K71: 4 | L71: 2 | M71: 0 | N71: Ofis | O71: O'rta maxsus | P71: Ha | Q71: 45823 | R71: Karyera o'sishi yo'q
A72: EMP-0071 | B72: Otabek Ergashev | C72: Erkak | D72: 34754 | E72: 43653 | F72: Sotuv | G72: Hudud menejeri | H72: Middle | I72: Toshkent | J72: 8840000 | K72: 3 | L72: 4 | M72: 15 | N72: Ofis | O72: O'rta maxsus | P72: Yo'q
A73: EMP-0072 | B73: Akmal Qodirov | C73: Erkak | D73: 33549 | E73: 42423 | F73: Marketing | G73: SMM mutaxassisi | H73: Middle | I73: Qarshi | J73: 6720000 | K73: 3 | L73: 4 | M73: 14 | N73: Ofis | O73: Bakalavr | P73: Yo'q
A74: EMP-0073 | B74: Sevara Ergasheva | C74: Ayol | D74: 31610 | E74: 42694 | F74: Mijozlar xizmati | G74: Mijozlar bilan ishlash mutaxassisi | H74: Middle | I74: Toshkent | J74: 5990000 | K74: 4 | L74: 4 | M74: 22 | N74: Gibrid | O74: O'rta maxsus | P74: Yo'q
A75: EMP-0074 | B75: Aziz Nazarov | C75: Erkak | D75: 37331 | E75: 45172 | F75: HR | G75: Rekruter | H75: Middle | I75: Andijon | J75: 7940000 | K75: 5 | L75: 2 | M75: 12 | N75: Ofis | O75: Bakalavr | P75: Yo'q
A76: EMP-0075 | B76: Ulugbek Nazarov | C76: Erkak | D76: 29558 | E76: 43656 | F76: IT | G76: QA muhandisi | H76: Junior | I76: Toshkent | J76: 4940000 | K76: 5 | L76: 3 | M76: 24 | N76: Ofis | O76: Bakalavr | P76: Yo'q
A77: EMP-0076 | B77: Behruz Mirzayev | C77: Erkak | D77: 34933 | E77: 44692 | F77: Moliya | G77: Moliyaviy tahlilchi | H77: Junior | I77: Toshkent | J77: 5000000 | K77: 4 | L77: 2 | M77: 17 | N77: Ofis | O77: O'rta maxsus | P77: Yo'q
A78: EMP-0077 | B78: Dilfuza Ergasheva | C78: Ayol | D78: 32847 | E78: 44268 | F78: Mijozlar xizmati | G78: Mijozlar bilan ishlash mutaxassisi | H78: Middle | I78: Toshkent | J78: 5060000 | K78: 5 | L78: 3 | M78: 1 | N78: Ofis | O78: O'rta maxsus | P78: Yo'q
A79: EMP-0078 | B79: Akmal Ergashev | C79: Erkak | D79: 34751 | E79: 44440 | F79: Mijozlar xizmati | G79: Mijozlar bilan ishlash mutaxassisi | H79: Junior | I79: Toshkent | J79: 2450000 | K79: 3 | L79: 4 | M79: 22 | N79: Ofis | O79: O'rta maxsus | P79: Yo'q
A80: EMP-0079 | B80: Dilnoza Ergasheva | C80: Ayol | D80: 34322 | E80: 45348 | F80: HR | G80: Rekruter | H80: Senior | I80: Toshkent | J80: 13220000 | K80: 5 | L80: 4 | M80: 31 | N80: Gibrid | O80: O'rta maxsus | P80: Yo'q
A81: EMP-0080 | B81: Zilola Tursunova | C81: Ayol | D81: 35254 | E81: 44770 | F81: Mijozlar xizmati | G81: Call-markaz operatori | H81: Junior | I81: Namangan | J81: 3130000 | K81: 4 | L81: 3 | M81: 18 | N81: Gibrid | O81: Bakalavr | P81: Yo'q
A82: EMP-0081 | B82: Timur Sobirov | C82: Erkak | D82: 38726 | E82: 46257 | F82: Moliya | G82: Buxgalter | H82: Middle | I82: Toshkent | J82: 6820000 | K82: 3 | L82: 4 | M82: 13 | N82: Ofis | O82: O'rta maxsus | P82: Yo'q
A83: EMP-0082 | B83: Nigora Nazarova | C83: Ayol | D83: 38829 | E83: 46167 | F83: Sotuv | G83: Hudud menejeri | H83: Middle | I83: Toshkent | J83: 8950000 | K83: 3 | L83: 1 | M83: 28 | N83: Ofis | O83: Bakalavr | P83: Ha | Q83: 46236 | R83: Rahbar bilan muammo
A84: EMP-0083 | B84: Sevara Tursunova | C84: Ayol | D84: 32706 | E84: 43447 | F84: Mijozlar xizmati | G84: Mijozlar bilan ishlash mutaxassisi | H84: Middle | I84: Toshkent | J84: 7000000 | K84: 2 | L84: 4 | M84: 20 | N84: Ofis | O84: Magistr | P84: Yo'q
A85: EMP-0084 | B85: Kamola Hasanova | C85: A | D85: 31973 | E85: 44711 | F85: Mijozlar xizmati | G85: Call-markaz operatori | H85: Middle | I85: Toshkent | J85: 6590000 | K85: 3 | L85: 4 | M85: 10 | N85: Ofis | O85: O'rta maxsus | P85: Yo'q
A86: EMP-0085 | B86: Zilola Abdullayeva | C86: Ayol | D86: 35656 | E86: 44755 | F86: Logistika | G86: Logist | H86: Middle | I86: Toshkent | J86: 7880000 | K86: 4 | L86: 1 | M86: 13 | N86: Masofaviy | O86: Bakalavr | P86: Yo'q
A87: EMP-0086 | B87: Aziz Abdullayev | C87: erkak | D87: 30822 | E87: 43556 | F87: Sotuv | G87: Sotuv menejeri | H87: Senior | I87: Toshkent | J87: 12710000 | K87: 4 | L87: 2 | M87: 13 | N87: Gibrid | O87: Magistr | P87: Ha | Q87: 46280 | R87: Boshqa shaharga ko'chdi
A88: EMP-0087 | B88: Shahlo Qodirova | C88: Ayol | D88: 35791 | E88: 44520 | F88: IT | G88: Dasturchi | H88: Middle | I88: Toshkent | J88: 8850000 | K88: 2 | L88: 3 | M88: 0 | N88: Ofis | O88: Bakalavr | P88: Yo'q
A89: EMP-0088 | B89: Nodira Saidova | C89: ayol | D89: 37707 | E89: 45992 | F89: Marketing | G89: Kontent menejer | H89: Middle | I89: Buxoro | J89: 8860000 | K89: 3 | L89: 3 | M89: 2 | N89: Masofaviy | O89: Bakalavr | P89: Yo'q
A90: EMP-0089 | B90: Aziz Mirzayev | C90: Erkak | D90: 30493 | E90: 45997 | F90: Mijozlar xizmati | G90: Mijozlar bilan ishlash mutaxassisi | H90: Middle | I90: Toshkent | J90: 4490000 | K90: 4 | L90: 4 | M90: 21 | N90: Ofis | O90: Bakalavr | P90: Yo'q
A91: EMP-0090 | B91: Akmal Ismoilov | C91: erkak | D91: 35091 | E91: 44639 | F91: MARKETING | G91: SMM mutaxassisi | H91: Senior | I91: Farg'ona | J91: 13670000 | K91: 3 | L91: 3 | M91: 18 | N91: Masofaviy | O91: Bakalavr | P91: Yo'q
A92: EMP-0091 | B92: Mohira Tursunova | C92: Ayol | D92: 29277 | E92: 45965 | F92: Mijozlar xizmati | G92: Mijozlar bilan ishlash mutaxassisi | H92: Middle | I92: Toshkent | J92: 5930000 | K92: 2 | L92: 3 | M92: 31 | N92: Ofis | O92: Bakalavr | P92: Yo'q
A93: EMP-0092 | B93: Timur Mirzayev | C93: Erkak | D93: 32131 | E93: 45346 | F93: Mijozlar xizmati | G93: Call-markaz operatori | H93: Junior | I93: Toshkent | J93: 3130000 | K93: 4 | L93: 2 | M93: 25 | N93: Masofaviy | O93: Magistr | P93: Yo'q
A94: EMP-0093 | B94: Behruz Sobirov | C94: Erkak | D94: 32409 | E94: 42567 | F94: Marketing | G94: SMM mutaxassisi | H94: Junior | I94: Samarqand | J94: 3190000 | K94: 4 | L94: 4 | M94: 0 | N94: Masofaviy | O94: Bakalavr | P94: Yo'q
A95: EMP-0094 | B95: Sevara Ergasheva | C95: ayol | D95: 31799 | E95: 45323 | F95: IT | G95: QA muhandisi | H95: Senior | I95: Namangan | J95: 15300000 | K95: 4 | L95: 3 | M95: 6 | N95: Ofis | O95: Bakalavr | P95: Yo'q
A96: EMP-0095 | B96: Dilnoza Karimova | C96: Ayol | D96: 34737 | E96: 43987 | F96: Mijozlar xizmati | G96: Call-markaz operatori | H96: Middle | I96: Andijon | J96: 5990000 | K96: 3 | L96: 4 | M96: 7 | N96: Ofis | O96: O'rta maxsus | P96: Yo'q
A97: EMP-0096 | B97: Akmal Hasanov | C97: Erkak | D97: 37204 | E97: 44624 | F97: Mijozlar xizmati | G97: Call-markaz operatori | H97: Middle | I97: Samarqand | J97: 4440000 | K97: 4 | L97: 4 | M97: 8 | N97: Ofis | O97: Magistr | P97: Yo'q
A98: EMP-0097 | B98: Sevara Karimova | C98: Ayol | D98: 36875 | E98: 45999 | F98: IT | G98: Dasturchi | H98: Junior | I98: Farg'ona | J98: 5220000 | K98: 4 | L98: 4 | M98: 34 | N98: Ofis | O98: Magistr | P98: Yo'q
A99: EMP-0098 | B99: Malika Tursunova | C99: Ayol | D99: 28120 | E99: 45519 | F99: Mijozlar xizmati | G99: Mijozlar bilan ishlash mutaxassisi | H99: Senior | I99: Toshkent | J99: 8070000 | K99: 2 | L99: 4 | M99: 31 | N99: Ofis | O99: Bakalavr | P99: Yo'q
A100: EMP-0099 | B100: Doniyor Tursunov | C100: Erkak | D100: 35199 | E100: 43659 | F100: Sotuv | G100: Sotuv menejeri | H100: Junior | I100: Toshkent | J100: 4780000 | K100: 5 | L100: 2 | M100: 11 | N100: Gibrid | O100: O'rta maxsus | P100: Yo'q
...

Sheet Bolimlar
A1: Bo'lim | B1: Bo'lim rahbari | C1: Xodimlar_soni_reja
A2: Sotuv | B2: Aziz Karimov | C2: 190
A3: Marketing | B3: Dilnoza Rahimova | C3: 80
A4: IT | B4: Jasur Yusupov | C4: 110
A5: Moliya | B5: Madina Abdullayeva | C5: 70
A6: HR | B6: Nodira Tursunova | C6: 35
A7: Logistika | B7: Sardor Nazarov | C7: 125
A8: Mijozlar xizmati | B8: Shahlo Ismoilova | C8: 190

Sheet Data_Dictionary
A1: Ustun | B1: Tavsif | C1: Tur
A2: Xodim_ID | B2: Xodimning noyob raqami | C2: Matn
A3: Ism_familiya | B3: To'liq ism | C3: Matn
A4: Jins | B4: Erkak / Ayol | C4: Matn
A5: Tug'ilgan_sana | B5: Tug'ilgan sana | C5: Sana
A6: Ishga_kirgan_sana | B6: Ishga qabul qilingan sana | C6: Sana
A7: Bo'lim | B7: Ishlagan bo'limi | C7: Matn
A8: Lavozim | B8: Lavozim nomi | C8: Matn
A9: Daraja | B9: Junior / Middle / Senior | C9: Matn
A10: Shahar | B10: Ishlagan shahri | C10: Matn
A11: Oylik (so'm) | B11: Oylik maosh, so'm | C11: Son
A12: Samaradorlik_bahosi (1-5) | B12: Rahbar bahosi, 5 — eng yaxshi | C12: Butun son
... A19: Ketish_sababi | B19: Ketish sababi (faqat ketganlar uchun) | C19: Matn
